Species,InspectionType,Condition,YearMonth,Country,NumberOfConditions,Throughput,NumberOfThroughputPlants,PercentageOfThroughput
Broilers,Conditions,Abnormal Colour/Fevered,2018-10,England,240930,76845365,48,0.314
Broilers,Conditions,Abnormal Colour/Fevered,2018-11,England,222178,71639262,48,0.31
Broilers,Conditions,Abnormal Colour/Fevered,2018-12,England,229301,64994973,47,0.353
Broilers,Conditions,Abnormal Colour/Fevered,2018-10,Wales,13537,7394767,3,0.183
Broilers,Conditions,Abnormal Colour/Fevered,2018-11,Wales,16822,6927778,3,0.243
Broilers,Conditions,Abnormal Colour/Fevered,2018-12,Wales,25438,7086652,3,0.359
Broilers,Conditions,Antemortem Rejects (Cull/Runts),2018-10,England,82104,76845365,48,0.107
Broilers,Conditions,Antemortem Rejects (Cull/Runts),2018-11,England,77205,71639262,48,0.108
Broilers,Conditions,Antemortem Rejects (Cull/Runts),2018-12,England,57654,64994973,47,0.089
Broilers,Conditions,Antemortem Rejects (Cull/Runts),2018-10,Wales,561,7394767,3,0.008
Broilers,Conditions,Antemortem Rejects (Cull/Runts),2018-11,Wales,456,6927778,3,0.007
Broilers,Conditions,Antemortem Rejects (Cull/Runts),2018-12,Wales,675,7086652,3,0.01
Broilers,Conditions,Ascites/Oedema,2018-10,England,218300,76845365,48,0.284
Broilers,Conditions,Ascites/Oedema,2018-11,England,221484,71639262,48,0.309
Broilers,Conditions,Ascites/Oedema,2018-12,England,219196,64994973,47,0.337
Broilers,Conditions,Ascites/Oedema,2018-10,Wales,25003,7394767,3,0.338
Broilers,Conditions,Ascites/Oedema,2018-11,Wales,27144,6927778,3,0.392
Broilers,Conditions,Ascites/Oedema,2018-12,Wales,26751,7086652,3,0.377
Broilers,Conditions,Bruising/Fractures,2018-10,England,26436,76845365,48,0.034
Broilers,Conditions,Bruising/Fractures,2018-11,England,25875,71639262,48,0.036
Broilers,Conditions,Bruising/Fractures,2018-12,England,27027,64994973,47,0.042
Broilers,Conditions,Bruising/Fractures,2018-10,Wales,4620,7394767,3,0.062
Broilers,Conditions,Bruising/Fractures,2018-11,Wales,4940,6927778,3,0.071
Broilers,Conditions,Bruising/Fractures,2018-12,Wales,4921,7086652,3,0.069
Broilers,Conditions,Cellulitis,2018-10,England,207889,76845365,48,0.271
Broilers,Conditions,Cellulitis,2018-11,England,216751,71639262,48,0.303
Broilers,Conditions,Cellulitis,2018-12,England,186090,64994973,47,0.286
Broilers,Conditions,Cellulitis,2018-10,Wales,18718,7394767,3,0.253
Broilers,Conditions,Cellulitis,2018-11,Wales,24350,6927778,3,0.351
Broilers,Conditions,Cellulitis,2018-12,Wales,22224,7086652,3,0.314
Broilers,Conditions,Contamination,2018-10,England,156978,76845365,48,0.204
Broilers,Conditions,Contamination,2018-11,England,135208,71639262,48,0.189
Broilers,Conditions,Contamination,2018-12,England,120116,64994973,47,0.185
Broilers,Conditions,Contamination,2018-10,Wales,3601,7394767,3,0.049
Broilers,Conditions,Contamination,2018-11,Wales,4124,6927778,3,0.06
Broilers,Conditions,Contamination,2018-12,Wales,5632,7086652,3,0.079
Broilers,Conditions,Dead on Arrival/Death in the Lairage (DOA),2018-10,England,75004,76845365,48,0.098
Broilers,Conditions,Dead on Arrival/Death in the Lairage (DOA),2018-11,England,69240,71639262,48,0.097
Broilers,Conditions,Dead on Arrival/Death in the Lairage (DOA),2018-12,England,68697,64994973,47,0.106
Broilers,Conditions,Dead on Arrival/Death in the Lairage (DOA),2018-10,Wales,9628,7394767,3,0.13
Broilers,Conditions,Dead on Arrival/Death in the Lairage (DOA),2018-11,Wales,8214,6927778,3,0.119
Broilers,Conditions,Dead on Arrival/Death in the Lairage (DOA),2018-12,Wales,8272,7086652,3,0.117
Broilers,Conditions,Death other than slaughter (uncut/badly bled),2018-10,England,20197,76845365,48,0.026
Broilers,Conditions,Death other than slaughter (uncut/badly bled),2018-11,England,18497,71639262,48,0.026
Broilers,Conditions,Death other than slaughter (uncut/badly bled),2018-12,England,17328,64994973,47,0.027
Broilers,Conditions,Death other than slaughter (uncut/badly bled),2018-10,Wales,2726,7394767,3,0.037
Broilers,Conditions,Death other than slaughter (uncut/badly bled),2018-11,Wales,3514,6927778,3,0.051
Broilers,Conditions,Death other than slaughter (uncut/badly bled),2018-12,Wales,4969,7086652,3,0.07
Broilers,Conditions,Dermatitis,2018-10,England,10441,76845365,48,0.014
Broilers,Conditions,Dermatitis,2018-11,England,13274,71639262,48,0.019
Broilers,Conditions,Dermatitis,2018-12,England,19134,64994973,47,0.029
Broilers,Conditions,Dermatitis,2018-10,Wales,4019,7394767,3,0.054
Broilers,Conditions,Dermatitis,2018-11,Wales,3091,6927778,3,0.045
Broilers,Conditions,Dermatitis,2018-12,Wales,5039,7086652,3,0.071
Broilers,Conditions,Emaciation,2018-10,England,22360,76845365,48,0.029
Broilers,Conditions,Emaciation,2018-11,England,21208,71639262,48,0.03
Broilers,Conditions,Emaciation,2018-12,England,21545,64994973,47,0.033
Broilers,Conditions,Emaciation,2018-10,Wales,757,7394767,3,0.01
Broilers,Conditions,Emaciation,2018-11,Wales,1087,6927778,3,0.016
Broilers,Conditions,Emaciation,2018-12,Wales,1653,7086652,3,0.023
Broilers,Conditions,Hepatitis,2018-10,England,136248,76845365,48,0.177
Broilers,Conditions,Hepatitis,2018-11,England,124165,71639262,48,0.173
Broilers,Conditions,Hepatitis,2018-12,England,87051,64994973,47,0.134
Broilers,Conditions,Hepatitis,2018-10,Wales,8732,7394767,3,0.118
Broilers,Conditions,Hepatitis,2018-11,Wales,8315,6927778,3,0.12
Broilers,Conditions,Hepatitis,2018-12,Wales,11881,7086652,3,0.168
Broilers,Conditions,Joint Lesions,2018-10,England,30127,76845365,48,0.039
Broilers,Conditions,Joint Lesions,2018-11,England,28640,71639262,48,0.04
Broilers,Conditions,Joint Lesions,2018-12,England,27555,64994973,47,0.042
Broilers,Conditions,Joint Lesions,2018-10,Wales,2704,7394767,3,0.037
Broilers,Conditions,Joint Lesions,2018-11,Wales,3203,6927778,3,0.046
Broilers,Conditions,Joint Lesions,2018-12,Wales,2874,7086652,3,0.041
Broilers,Conditions,Machine Damage,2018-10,England,172018,76845365,48,0.224
Broilers,Conditions,Machine Damage,2018-11,England,139644,71639262,48,0.195
Broilers,Conditions,Machine Damage,2018-12,England,118025,64994973,47,0.182
Broilers,Conditions,Machine Damage,2018-10,Wales,3896,7394767,3,0.053
Broilers,Conditions,Machine Damage,2018-11,Wales,3287,6927778,3,0.047
Broilers,Conditions,Machine Damage,2018-12,Wales,4092,7086652,3,0.058
Broilers,Conditions,"Other Factory (poor plucking, product requirement)",2018-10,England,41789,76845365,48,0.054
Broilers,Conditions,"Other Factory (poor plucking, product requirement)",2018-11,England,35988,71639262,48,0.05
Broilers,Conditions,"Other Factory (poor plucking, product requirement)",2018-12,England,24425,64994973,47,0.038
Broilers,Conditions,"Other Factory (poor plucking, product requirement)",2018-10,Wales,2996,7394767,3,0.041
Broilers,Conditions,"Other Factory (poor plucking, product requirement)",2018-11,Wales,2280,6927778,3,0.033
Broilers,Conditions,"Other Factory (poor plucking, product requirement)",2018-12,Wales,5868,7086652,3,0.083
Broilers,Conditions,"Other Farm (Jaundice, Oregon, White Muscle,Congen)",2018-10,England,53215,76845365,48,0.069
Broilers,Conditions,"Other Farm (Jaundice, Oregon, White Muscle,Congen)",2018-11,England,45469,71639262,48,0.063
Broilers,Conditions,"Other Farm (Jaundice, Oregon, White Muscle,Congen)",2018-12,England,42499,64994973,47,0.065
Broilers,Conditions,"Other Farm (Jaundice, Oregon, White Muscle,Congen)",2018-10,Wales,3029,7394767,3,0.041
Broilers,Conditions,"Other Farm (Jaundice, Oregon, White Muscle,Congen)",2018-11,Wales,3149,6927778,3,0.045
Broilers,Conditions,"Other Farm (Jaundice, Oregon, White Muscle,Congen)",2018-12,Wales,3701,7086652,3,0.052
Broilers,Conditions,Overscald,2018-10,England,37125,76845365,48,0.048
Broilers,Conditions,Overscald,2018-11,England,41196,71639262,48,0.058
Broilers,Conditions,Overscald,2018-12,England,42028,64994973,47,0.065
Broilers,Conditions,Overscald,2018-10,Wales,10655,7394767,3,0.144
Broilers,Conditions,Overscald,2018-11,Wales,8285,6927778,3,0.12
Broilers,Conditions,Overscald,2018-12,Wales,11026,7086652,3,0.156
Broilers,Conditions,Pericarditis,2018-10,England,106044,76845365,48,0.138
Broilers,Conditions,Pericarditis,2018-11,England,97280,71639262,48,0.136
Broilers,Conditions,Pericarditis,2018-12,England,87685,64994973,47,0.135
Broilers,Conditions,Pericarditis,2018-10,Wales,6988,7394767,3,0.094
Broilers,Conditions,Pericarditis,2018-11,Wales,9840,6927778,3,0.142
Broilers,Conditions,Pericarditis,2018-12,Wales,13227,7086652,3,0.187
Broilers,Conditions,Perihepatitis/Peritonitis,2018-10,England,77452,76845365,48,0.101
Broilers,Conditions,Perihepatitis/Peritonitis,2018-11,England,76970,71639262,48,0.107
Broilers,Conditions,Perihepatitis/Peritonitis,2018-12,England,75352,64994973,47,0.116
Broilers,Conditions,Perihepatitis/Peritonitis,2018-10,Wales,9613,7394767,3,0.13
Broilers,Conditions,Perihepatitis/Peritonitis,2018-11,Wales,10918,6927778,3,0.158
Broilers,Conditions,Perihepatitis/Peritonitis,2018-12,Wales,11093,7086652,3,0.157
Broilers,Conditions,Respiratory Disease (air sacculitis),2018-10,England,1302,76845365,48,0.002
Broilers,Conditions,Respiratory Disease (air sacculitis),2018-11,England,1111,71639262,48,0.002
Broilers,Conditions,Respiratory Disease (air sacculitis),2018-12,England,1450,64994973,47,0.002
Broilers,Conditions,Respiratory Disease (air sacculitis),2018-10,Wales,65,7394767,3,0.001
Broilers,Conditions,Respiratory Disease (air sacculitis),2018-11,Wales,81,6927778,3,0.001
Broilers,Conditions,Respiratory Disease (air sacculitis),2018-12,Wales,204,7086652,3,0.003
Broilers,Conditions,Salpingitis,2018-10,England,362,76845365,48,0
Broilers,Conditions,Salpingitis,2018-11,England,272,71639262,48,0
Broilers,Conditions,Salpingitis,2018-12,England,315,64994973,47,0
Broilers,Conditions,Salpingitis,2018-12,Wales,3,7086652,3,0
Broilers,Conditions,Tumours/Nodules,2018-10,England,12675,76845365,48,0.016
Broilers,Conditions,Tumours/Nodules,2018-11,England,12680,71639262,48,0.018
Broilers,Conditions,Tumours/Nodules,2018-12,England,13258,64994973,47,0.02
Broilers,Conditions,Tumours/Nodules,2018-10,Wales,176,7394767,3,0.002
Broilers,Conditions,Tumours/Nodules,2018-11,Wales,159,6927778,3,0.002
Broilers,Conditions,Tumours/Nodules,2018-12,Wales,180,7086652,3,0.003
Broilers,Suspect notifiable disease,Avian Influenza,2018-12,England,8,64994973,47,0
Broilers,Suspect notifiable disease,Newcastle Disease,2018-12,England,8,64994973,47,0
Ducks,Conditions,Abnormal Colour/Fevered,2018-10,England,626,1111848,10,0.056
Ducks,Conditions,Abnormal Colour/Fevered,2018-11,England,979,1022963,12,0.096
Ducks,Conditions,Abnormal Colour/Fevered,2018-12,England,1106,1219457,11,0.091
Ducks,Conditions,Antemortem Rejects (Cull/Runts),2018-10,England,365,1111848,10,0.033
Ducks,Conditions,Antemortem Rejects (Cull/Runts),2018-11,England,172,1022963,12,0.017
Ducks,Conditions,Antemortem Rejects (Cull/Runts),2018-12,England,176,1219457,11,0.014
Ducks,Conditions,Ascites/Oedema,2018-10,England,6403,1111848,10,0.576
Ducks,Conditions,Ascites/Oedema,2018-11,England,6901,1022963,12,0.675
Ducks,Conditions,Ascites/Oedema,2018-12,England,8470,1219457,11,0.695
Ducks,Conditions,Bruising/Fractures,2018-10,England,735,1111848,10,0.066
Ducks,Conditions,Bruising/Fractures,2018-11,England,1026,1022963,12,0.1
Ducks,Conditions,Bruising/Fractures,2018-12,England,1582,1219457,11,0.13
Ducks,Conditions,Cellulitis,2018-10,England,105,1111848,10,0.009
Ducks,Conditions,Cellulitis,2018-11,England,16,1022963,12,0.002
Ducks,Conditions,Cellulitis,2018-12,England,8,1219457,11,0.001
Ducks,Conditions,Contamination,2018-10,England,887,1111848,10,0.08
Ducks,Conditions,Contamination,2018-11,England,1274,1022963,12,0.125
Ducks,Conditions,Contamination,2018-12,England,949,1219457,11,0.078
Ducks,Conditions,Dead on Arrival/Death in the Lairage (DOA),2018-10,England,853,1111848,10,0.077
Ducks,Conditions,Dead on Arrival/Death in the Lairage (DOA),2018-11,England,854,1022963,12,0.083
Ducks,Conditions,Dead on Arrival/Death in the Lairage (DOA),2018-12,England,974,1219457,11,0.08
Ducks,Conditions,Death other than slaughter (uncut/badly bled),2018-10,England,1,1111848,10,0
Ducks,Conditions,Death other than slaughter (uncut/badly bled),2018-11,England,22,1022963,12,0.002
Ducks,Conditions,Death other than slaughter (uncut/badly bled),2018-12,England,11,1219457,11,0.001
Ducks,Conditions,Dermatitis,2018-10,England,2457,1111848,10,0.221
Ducks,Conditions,Dermatitis,2018-11,England,4085,1022963,12,0.399
Ducks,Conditions,Dermatitis,2018-12,England,4331,1219457,11,0.355
Ducks,Conditions,Emaciation,2018-10,England,1364,1111848,10,0.123
Ducks,Conditions,Emaciation,2018-11,England,1757,1022963,12,0.172
Ducks,Conditions,Emaciation,2018-12,England,1593,1219457,11,0.131
Ducks,Conditions,Hepatitis,2018-10,England,170,1111848,10,0.015
Ducks,Conditions,Hepatitis,2018-11,England,197,1022963,12,0.019
Ducks,Conditions,Hepatitis,2018-12,England,387,1219457,11,0.032
Ducks,Conditions,Joint Lesions,2018-10,England,1598,1111848,10,0.144
Ducks,Conditions,Joint Lesions,2018-11,England,1606,1022963,12,0.157
Ducks,Conditions,Joint Lesions,2018-12,England,904,1219457,11,0.074
Ducks,Conditions,Machine Damage,2018-10,England,2557,1111848,10,0.23
Ducks,Conditions,Machine Damage,2018-11,England,1622,1022963,12,0.159
Ducks,Conditions,Machine Damage,2018-12,England,824,1219457,11,0.068
Ducks,Conditions,"Other Factory (poor plucking, product requirement)",2018-10,England,284,1111848,10,0.026
Ducks,Conditions,"Other Factory (poor plucking, product requirement)",2018-11,England,23,1022963,12,0.002
Ducks,Conditions,"Other Factory (poor plucking, product requirement)",2018-12,England,24,1219457,11,0.002
Ducks,Conditions,"Other Farm (Jaundice, Oregon, White Muscle,Congen)",2018-10,England,52,1111848,10,0.005
Ducks,Conditions,"Other Farm (Jaundice, Oregon, White Muscle,Congen)",2018-11,England,68,1022963,12,0.007
Ducks,Conditions,"Other Farm (Jaundice, Oregon, White Muscle,Congen)",2018-12,England,7,1219457,11,0.001
Ducks,Conditions,Overscald,2018-10,England,191,1111848,10,0.017
Ducks,Conditions,Overscald,2018-11,England,131,1022963,12,0.013
Ducks,Conditions,Overscald,2018-12,England,219,1219457,11,0.018
Ducks,Conditions,Pericarditis,2018-10,England,3374,1111848,10,0.303
Ducks,Conditions,Pericarditis,2018-11,England,5919,1022963,12,0.579
Ducks,Conditions,Pericarditis,2018-12,England,4518,1219457,11,0.37
Ducks,Conditions,Perihepatitis/Peritonitis,2018-10,England,359,1111848,10,0.032
Ducks,Conditions,Perihepatitis/Peritonitis,2018-11,England,395,1022963,12,0.039
Ducks,Conditions,Perihepatitis/Peritonitis,2018-12,England,344,1219457,11,0.028
Ducks,Conditions,Respiratory Disease (air sacculitis),2018-10,England,18274,1111848,10,1.644
Ducks,Conditions,Respiratory Disease (air sacculitis),2018-11,England,19161,1022963,12,1.873
Ducks,Conditions,Respiratory Disease (air sacculitis),2018-12,England,21754,1219457,11,1.784
Ducks,Conditions,Salpingitis,2018-10,England,43,1111848,10,0.004
Ducks,Conditions,Salpingitis,2018-11,England,32,1022963,12,0.003
Ducks,Conditions,Salpingitis,2018-12,England,19,1219457,11,0.002
Ducks,Conditions,Tumours/Nodules,2018-10,England,372,1111848,10,0.033
Ducks,Conditions,Tumours/Nodules,2018-11,England,263,1022963,12,0.026
Ducks,Conditions,Tumours/Nodules,2018-12,England,500,1219457,11,0.041
Geese,Conditions,Abnormal Colour/Fevered,2018-11,England,11,37052,7,0.03
Geese,Conditions,Abnormal Colour/Fevered,2018-12,England,9,35552,7,0.025
Geese,Conditions,Ascites/Oedema,2018-11,England,1,37052,7,0.003
Geese,Conditions,Ascites/Oedema,2018-12,England,4,35552,7,0.011
Geese,Conditions,Contamination,2018-11,England,4,37052,7,0.011
Geese,Conditions,Contamination,2018-12,England,12,35552,7,0.034
Geese,Conditions,Dead on Arrival/Death in the Lairage (DOA),2018-11,England,1,37052,7,0.003
Geese,Conditions,Dead on Arrival/Death in the Lairage (DOA),2018-12,England,1,35552,7,0.003
Geese,Conditions,Dermatitis,2018-11,England,6,37052,7,0.016
Geese,Conditions,Dermatitis,2018-12,England,2,35552,7,0.006
Geese,Conditions,Emaciation,2018-11,England,5,37052,7,0.013
Geese,Conditions,Emaciation,2018-12,England,27,35552,7,0.076
Geese,Conditions,Hepatitis,2018-11,England,14,37052,7,0.038
Geese,Conditions,Hepatitis,2018-12,England,1,35552,7,0.003
Geese,Conditions,Joint Lesions,2018-11,England,1,37052,7,0.003
Geese,Conditions,Machine Damage,2018-11,England,2,37052,7,0.005
Geese,Conditions,Machine Damage,2018-12,England,1,35552,7,0.003
Geese,Conditions,Pericarditis,2018-11,England,16,37052,7,0.043
Geese,Conditions,Pericarditis,2018-12,England,2,35552,7,0.006
Geese,Conditions,Perihepatitis/Peritonitis,2018-11,England,9,37052,7,0.024
Geese,Conditions,Perihepatitis/Peritonitis,2018-12,England,16,35552,7,0.045
Geese,Conditions,Respiratory Disease (air sacculitis),2018-11,England,5,37052,7,0.013
Geese,Conditions,Respiratory Disease (air sacculitis),2018-12,England,2,35552,7,0.006
Geese,Conditions,Tumours/Nodules,2018-11,England,13,37052,7,0.035
Geese,Conditions,Tumours/Nodules,2018-12,England,29,35552,7,0.082
Guinea Fowl,Conditions,Abnormal Colour/Fevered,2018-11,England,1,520,1,0.192
Guinea Fowl,Conditions,Antemortem Rejects (Cull/Runts),2018-11,England,1,520,1,0.192
Guinea Fowl,Conditions,Bruising/Fractures,2018-11,England,1,520,1,0.192
Guinea Fowl,Conditions,Cellulitis,2018-10,England,1,280,1,0.357
Guinea Fowl,Conditions,Cellulitis,2018-11,England,1,520,1,0.192
Guinea Fowl,Conditions,Contamination,2018-10,England,2,280,1,0.714
Guinea Fowl,Conditions,Joint Lesions,2018-11,England,1,520,1,0.192
Hens,Conditions,Abnormal Colour/Fevered,2018-10,England,6242,3047882,13,0.205
Hens,Conditions,Abnormal Colour/Fevered,2018-11,England,7566,2679013,13,0.282
Hens,Conditions,Abnormal Colour/Fevered,2018-12,England,10688,3603964,13,0.297
Hens,Conditions,Antemortem Rejects (Cull/Runts),2018-10,England,28,3047882,13,0.001
Hens,Conditions,Antemortem Rejects (Cull/Runts),2018-11,England,8,2679013,13,0
Hens,Conditions,Antemortem Rejects (Cull/Runts),2018-12,England,19,3603964,13,0.001
Hens,Conditions,Ascites/Oedema,2018-10,England,2082,3047882,13,0.068
Hens,Conditions,Ascites/Oedema,2018-11,England,2156,2679013,13,0.08
Hens,Conditions,Ascites/Oedema,2018-12,England,3218,3603964,13,0.089
Hens,Conditions,Bruising/Fractures,2018-10,England,3212,3047882,13,0.105
Hens,Conditions,Bruising/Fractures,2018-11,England,4096,2679013,13,0.153
Hens,Conditions,Bruising/Fractures,2018-12,England,5872,3603964,13,0.163
Hens,Conditions,Cellulitis,2018-10,England,251,3047882,13,0.008
Hens,Conditions,Cellulitis,2018-11,England,234,2679013,13,0.009
Hens,Conditions,Cellulitis,2018-12,England,258,3603964,13,0.007
Hens,Conditions,Contamination,2018-10,England,846,3047882,13,0.028
Hens,Conditions,Contamination,2018-11,England,642,2679013,13,0.024
Hens,Conditions,Contamination,2018-12,England,744,3603964,13,0.021
Hens,Conditions,Dead on Arrival/Death in the Lairage (DOA),2018-10,England,4913,3047882,13,0.161
Hens,Conditions,Dead on Arrival/Death in the Lairage (DOA),2018-11,England,4635,2679013,13,0.173
Hens,Conditions,Dead on Arrival/Death in the Lairage (DOA),2018-12,England,12439,3603964,13,0.345
Hens,Conditions,Death other than slaughter (uncut/badly bled),2018-10,England,25,3047882,13,0.001
Hens,Conditions,Death other than slaughter (uncut/badly bled),2018-11,England,210,2679013,13,0.008
Hens,Conditions,Death other than slaughter (uncut/badly bled),2018-12,England,151,3603964,13,0.004
Hens,Conditions,Dermatitis,2018-10,England,1315,3047882,13,0.043
Hens,Conditions,Dermatitis,2018-11,England,1216,2679013,13,0.045
Hens,Conditions,Dermatitis,2018-12,England,1501,3603964,13,0.042
Hens,Conditions,Emaciation,2018-10,England,3708,3047882,13,0.122
Hens,Conditions,Emaciation,2018-11,England,3881,2679013,13,0.145
Hens,Conditions,Emaciation,2018-12,England,3964,3603964,13,0.11
Hens,Conditions,Hepatitis,2018-10,England,986,3047882,13,0.032
Hens,Conditions,Hepatitis,2018-11,England,75,2679013,13,0.003
Hens,Conditions,Hepatitis,2018-12,England,215,3603964,13,0.006
Hens,Conditions,Joint Lesions,2018-10,England,101,3047882,13,0.003
Hens,Conditions,Joint Lesions,2018-11,England,45,2679013,13,0.002
Hens,Conditions,Joint Lesions,2018-12,England,70,3603964,13,0.002
Hens,Conditions,Machine Damage,2018-10,England,2219,3047882,13,0.073
Hens,Conditions,Machine Damage,2018-11,England,2521,2679013,13,0.094
Hens,Conditions,Machine Damage,2018-12,England,2678,3603964,13,0.074
Hens,Conditions,"Other Factory (poor plucking, product requirement)",2018-10,England,1949,3047882,13,0.064
Hens,Conditions,"Other Factory (poor plucking, product requirement)",2018-11,England,1459,2679013,13,0.054
Hens,Conditions,"Other Factory (poor plucking, product requirement)",2018-12,England,3403,3603964,13,0.094
Hens,Conditions,"Other Farm (Jaundice, Oregon, White Muscle,Congen)",2018-10,England,232,3047882,13,0.008
Hens,Conditions,"Other Farm (Jaundice, Oregon, White Muscle,Congen)",2018-11,England,177,2679013,13,0.007
Hens,Conditions,"Other Farm (Jaundice, Oregon, White Muscle,Congen)",2018-12,England,463,3603964,13,0.013
Hens,Conditions,Overscald,2018-10,England,1177,3047882,13,0.039
Hens,Conditions,Overscald,2018-11,England,1654,2679013,13,0.062
Hens,Conditions,Overscald,2018-12,England,1222,3603964,13,0.034
Hens,Conditions,Pericarditis,2018-10,England,72,3047882,13,0.002
Hens,Conditions,Pericarditis,2018-11,England,57,2679013,13,0.002
Hens,Conditions,Pericarditis,2018-12,England,120,3603964,13,0.003
Hens,Conditions,Perihepatitis/Peritonitis,2018-10,England,7013,3047882,13,0.23
Hens,Conditions,Perihepatitis/Peritonitis,2018-11,England,5704,2679013,13,0.213
Hens,Conditions,Perihepatitis/Peritonitis,2018-12,England,7347,3603964,13,0.204
Hens,Conditions,Respiratory Disease (air sacculitis),2018-10,England,30,3047882,13,0.001
Hens,Conditions,Respiratory Disease (air sacculitis),2018-11,England,3,2679013,13,0
Hens,Conditions,Respiratory Disease (air sacculitis),2018-12,England,37,3603964,13,0.001
Hens,Conditions,Salpingitis,2018-10,England,7319,3047882,13,0.24
Hens,Conditions,Salpingitis,2018-11,England,7320,2679013,13,0.273
Hens,Conditions,Salpingitis,2018-12,England,8042,3603964,13,0.223
Hens,Conditions,Tumours/Nodules,2018-10,England,1588,3047882,13,0.052
Hens,Conditions,Tumours/Nodules,2018-11,England,1508,2679013,13,0.056
Hens,Conditions,Tumours/Nodules,2018-12,England,2066,3603964,13,0.057
Poultry,Conditions,Abnormal Colour/Fevered,2018-10,England,148,176740,10,0.084
Poultry,Conditions,Abnormal Colour/Fevered,2018-11,England,232,170549,9,0.136
Poultry,Conditions,Abnormal Colour/Fevered,2018-12,England,450,290706,9,0.155
Poultry,Conditions,Abnormal Colour/Fevered,2018-10,Wales,225,193252,1,0.116
Poultry,Conditions,Abnormal Colour/Fevered,2018-11,Wales,113,114387,1,0.099
Poultry,Conditions,Abnormal Colour/Fevered,2018-12,Wales,118,114985,2,0.103
Poultry,Conditions,Antemortem Rejects (Cull/Runts),2018-10,England,9,176740,10,0.005
Poultry,Conditions,Antemortem Rejects (Cull/Runts),2018-11,England,5,170549,9,0.003
Poultry,Conditions,Antemortem Rejects (Cull/Runts),2018-12,England,1547,290706,9,0.532
Poultry,Conditions,Ascites/Oedema,2018-10,England,103,176740,10,0.058
Poultry,Conditions,Ascites/Oedema,2018-11,England,104,170549,9,0.061
Poultry,Conditions,Ascites/Oedema,2018-12,England,722,290706,9,0.248
Poultry,Conditions,Ascites/Oedema,2018-10,Wales,1,193252,1,0.001
Poultry,Conditions,Ascites/Oedema,2018-11,Wales,1,114387,1,0.001
Poultry,Conditions,Ascites/Oedema,2018-12,Wales,10,114985,2,0.009
Poultry,Conditions,Bruising/Fractures,2018-10,England,4,176740,10,0.002
Poultry,Conditions,Bruising/Fractures,2018-11,England,20,170549,9,0.012
Poultry,Conditions,Bruising/Fractures,2018-12,England,52,290706,9,0.018
Poultry,Conditions,Bruising/Fractures,2018-10,Wales,32,193252,1,0.017
Poultry,Conditions,Bruising/Fractures,2018-11,Wales,15,114387,1,0.013
Poultry,Conditions,Bruising/Fractures,2018-12,Wales,21,114985,2,0.018
Poultry,Conditions,Cellulitis,2018-10,England,56,176740,10,0.032
Poultry,Conditions,Cellulitis,2018-11,England,24,170549,9,0.014
Poultry,Conditions,Cellulitis,2018-12,England,872,290706,9,0.3
Poultry,Conditions,Cellulitis,2018-10,Wales,55,193252,1,0.028
Poultry,Conditions,Cellulitis,2018-11,Wales,23,114387,1,0.02
Poultry,Conditions,Cellulitis,2018-12,Wales,102,114985,2,0.089
Poultry,Conditions,Contamination,2018-10,England,27,176740,10,0.015
Poultry,Conditions,Contamination,2018-11,England,11,170549,9,0.006
Poultry,Conditions,Contamination,2018-12,England,616,290706,9,0.212
Poultry,Conditions,Contamination,2018-10,Wales,28,193252,1,0.014
Poultry,Conditions,Contamination,2018-11,Wales,4,114387,1,0.003
Poultry,Conditions,Contamination,2018-12,Wales,1,114985,2,0.001
Poultry,Conditions,Dead on Arrival/Death in the Lairage (DOA),2018-10,England,196,176740,10,0.111
Poultry,Conditions,Dead on Arrival/Death in the Lairage (DOA),2018-11,England,399,170549,9,0.234
Poultry,Conditions,Dead on Arrival/Death in the Lairage (DOA),2018-12,England,318,290706,9,0.109
Poultry,Conditions,Dead on Arrival/Death in the Lairage (DOA),2018-10,Wales,84,193252,1,0.043
Poultry,Conditions,Dead on Arrival/Death in the Lairage (DOA),2018-11,Wales,44,114387,1,0.038
Poultry,Conditions,Dead on Arrival/Death in the Lairage (DOA),2018-12,Wales,23,114985,2,0.02
Poultry,Conditions,Death other than slaughter (uncut/badly bled),2018-10,England,46,176740,10,0.026
Poultry,Conditions,Death other than slaughter (uncut/badly bled),2018-11,England,2,170549,9,0.001
Poultry,Conditions,Death other than slaughter (uncut/badly bled),2018-12,England,153,290706,9,0.053
Poultry,Conditions,Death other than slaughter (uncut/badly bled),2018-11,Wales,2,114387,1,0.002
Poultry,Conditions,Death other than slaughter (uncut/badly bled),2018-12,Wales,4,114985,2,0.003
Poultry,Conditions,Dermatitis,2018-10,England,86,176740,10,0.049
Poultry,Conditions,Dermatitis,2018-11,England,1,170549,9,0.001
Poultry,Conditions,Dermatitis,2018-12,England,66,290706,9,0.023
Poultry,Conditions,Dermatitis,2018-10,Wales,7,193252,1,0.004
Poultry,Conditions,Dermatitis,2018-11,Wales,5,114387,1,0.004
Poultry,Conditions,Dermatitis,2018-12,Wales,3,114985,2,0.003
Poultry,Conditions,Emaciation,2018-10,England,83,176740,10,0.047
Poultry,Conditions,Emaciation,2018-11,England,75,170549,9,0.044
Poultry,Conditions,Emaciation,2018-12,England,391,290706,9,0.135
Poultry,Conditions,Emaciation,2018-10,Wales,165,193252,1,0.085
Poultry,Conditions,Emaciation,2018-11,Wales,87,114387,1,0.076
Poultry,Conditions,Emaciation,2018-12,Wales,78,114985,2,0.068
Poultry,Conditions,Hepatitis,2018-10,England,13,176740,10,0.007
Poultry,Conditions,Hepatitis,2018-11,England,44,170549,9,0.026
Poultry,Conditions,Hepatitis,2018-12,England,215,290706,9,0.074
Poultry,Conditions,Hepatitis,2018-10,Wales,8,193252,1,0.004
Poultry,Conditions,Hepatitis,2018-12,Wales,145,114985,2,0.126
Poultry,Conditions,Joint Lesions,2018-10,England,23,176740,10,0.013
Poultry,Conditions,Joint Lesions,2018-11,England,1,170549,9,0.001
Poultry,Conditions,Joint Lesions,2018-12,England,149,290706,9,0.051
Poultry,Conditions,Joint Lesions,2018-10,Wales,1,193252,1,0.001
Poultry,Conditions,Machine Damage,2018-10,England,18,176740,10,0.01
Poultry,Conditions,Machine Damage,2018-11,England,42,170549,9,0.025
Poultry,Conditions,Machine Damage,2018-12,England,318,290706,9,0.109
Poultry,Conditions,Machine Damage,2018-10,Wales,33,193252,1,0.017
Poultry,Conditions,Machine Damage,2018-11,Wales,9,114387,1,0.008
Poultry,Conditions,Machine Damage,2018-12,Wales,9,114985,2,0.008
Poultry,Conditions,"Other Factory (poor plucking, product requirement)",2018-10,England,22,176740,10,0.012
Poultry,Conditions,"Other Factory (poor plucking, product requirement)",2018-11,England,9,170549,9,0.005
Poultry,Conditions,"Other Factory (poor plucking, product requirement)",2018-12,England,180,290706,9,0.062
Poultry,Conditions,"Other Factory (poor plucking, product requirement)",2018-10,Wales,78,193252,1,0.04
Poultry,Conditions,"Other Factory (poor plucking, product requirement)",2018-11,Wales,81,114387,1,0.071
Poultry,Conditions,"Other Factory (poor plucking, product requirement)",2018-12,Wales,108,114985,2,0.094
Poultry,Conditions,"Other Farm (Jaundice, Oregon, White Muscle,Congen)",2018-10,England,20,176740,10,0.011
Poultry,Conditions,"Other Farm (Jaundice, Oregon, White Muscle,Congen)",2018-11,England,5,170549,9,0.003
Poultry,Conditions,"Other Farm (Jaundice, Oregon, White Muscle,Congen)",2018-12,England,90,290706,9,0.031
Poultry,Conditions,Overscald,2018-10,England,1,176740,10,0.001
Poultry,Conditions,Overscald,2018-12,England,300,290706,9,0.103
Poultry,Conditions,Overscald,2018-10,Wales,5,193252,1,0.003
Poultry,Conditions,Overscald,2018-11,Wales,253,114387,1,0.221
Poultry,Conditions,Overscald,2018-12,Wales,267,114985,2,0.232
Poultry,Conditions,Pericarditis,2018-10,England,16,176740,10,0.009
Poultry,Conditions,Pericarditis,2018-11,England,31,170549,9,0.018
Poultry,Conditions,Pericarditis,2018-12,England,380,290706,9,0.131
Poultry,Conditions,Pericarditis,2018-10,Wales,36,193252,1,0.019
Poultry,Conditions,Pericarditis,2018-11,Wales,1,114387,1,0.001
Poultry,Conditions,Pericarditis,2018-12,Wales,329,114985,2,0.286
Poultry,Conditions,Perihepatitis/Peritonitis,2018-10,England,173,176740,10,0.098
Poultry,Conditions,Perihepatitis/Peritonitis,2018-11,England,230,170549,9,0.135
Poultry,Conditions,Perihepatitis/Peritonitis,2018-12,England,346,290706,9,0.119
Poultry,Conditions,Perihepatitis/Peritonitis,2018-10,Wales,71,193252,1,0.037
Poultry,Conditions,Perihepatitis/Peritonitis,2018-11,Wales,73,114387,1,0.064
Poultry,Conditions,Perihepatitis/Peritonitis,2018-12,Wales,166,114985,2,0.144
Poultry,Conditions,Respiratory Disease (air sacculitis),2018-10,England,8,176740,10,0.005
Poultry,Conditions,Respiratory Disease (air sacculitis),2018-11,England,4,170549,9,0.002
Poultry,Conditions,Salpingitis,2018-10,England,79,176740,10,0.045
Poultry,Conditions,Salpingitis,2018-11,England,198,170549,9,0.116
Poultry,Conditions,Tumours/Nodules,2018-10,England,47,176740,10,0.027
Poultry,Conditions,Tumours/Nodules,2018-11,England,21,170549,9,0.012
Poultry,Conditions,Tumours/Nodules,2018-12,England,44,290706,9,0.015
Quail,Conditions,Abnormal Colour/Fevered,2018-10,England,18,9575,1,0.188
Quail,Conditions,Abnormal Colour/Fevered,2018-11,England,14,5400,1,0.259
Quail,Conditions,Abnormal Colour/Fevered,2018-12,England,14,4350,1,0.322
Quail,Conditions,Bruising/Fractures,2018-10,England,1,9575,1,0.01
Quail,Conditions,Bruising/Fractures,2018-12,England,13,4350,1,0.299
Quail,Conditions,Cellulitis,2018-10,England,28,9575,1,0.292
Quail,Conditions,Cellulitis,2018-11,England,2,5400,1,0.037
Quail,Conditions,Cellulitis,2018-12,England,1,4350,1,0.023
Quail,Conditions,Contamination,2018-11,England,1,5400,1,0.019
Quail,Conditions,Dermatitis,2018-10,England,1,9575,1,0.01
Quail,Conditions,Emaciation,2018-10,England,3,9575,1,0.031
Quail,Conditions,Joint Lesions,2018-10,England,51,9575,1,0.533
Quail,Conditions,Joint Lesions,2018-11,England,27,5400,1,0.5
Quail,Conditions,Joint Lesions,2018-12,England,12,4350,1,0.276
Quail,Conditions,"Other Factory (poor plucking, product requirement)",2018-12,England,35,4350,1,0.805
Quail,Conditions,Perihepatitis/Peritonitis,2018-10,England,7,9575,1,0.073
Quail,Conditions,Perihepatitis/Peritonitis,2018-11,England,3,5400,1,0.056
Quail,Conditions,Perihepatitis/Peritonitis,2018-12,England,2,4350,1,0.046
Quail,Conditions,Salpingitis,2018-10,England,4,9575,1,0.042
Quail,Conditions,Salpingitis,2018-11,England,3,5400,1,0.056
Quail,Conditions,Salpingitis,2018-12,England,2,4350,1,0.046
Quail,Conditions,Tumours/Nodules,2018-10,England,1,9575,1,0.01
Quail,Conditions,Tumours/Nodules,2018-11,England,1,5400,1,0.019
Turkeys,Conditions,Abnormal Colour/Fevered,2018-10,England,1459,831549,12,0.175
Turkeys,Conditions,Abnormal Colour/Fevered,2018-11,England,2500,2319690,21,0.108
Turkeys,Conditions,Abnormal Colour/Fevered,2018-12,England,2114,2133775,23,0.099
Turkeys,Conditions,Abnormal Colour/Fevered,2018-10,Wales,54,8043,1,0.671
Turkeys,Conditions,Abnormal Colour/Fevered,2018-11,Wales,37,104733,2,0.035
Turkeys,Conditions,Abnormal Colour/Fevered,2018-12,Wales,101,133059,2,0.076
Turkeys,Conditions,Antemortem Rejects (Cull/Runts),2018-10,England,3,831549,12,0
Turkeys,Conditions,Antemortem Rejects (Cull/Runts),2018-11,England,5,2319690,21,0
Turkeys,Conditions,Antemortem Rejects (Cull/Runts),2018-12,England,5,2133775,23,0
Turkeys,Conditions,Ascites/Oedema,2018-10,England,124,831549,12,0.015
Turkeys,Conditions,Ascites/Oedema,2018-11,England,324,2319690,21,0.014
Turkeys,Conditions,Ascites/Oedema,2018-12,England,194,2133775,23,0.009
Turkeys,Conditions,Ascites/Oedema,2018-10,Wales,21,8043,1,0.261
Turkeys,Conditions,Ascites/Oedema,2018-11,Wales,10,104733,2,0.01
Turkeys,Conditions,Ascites/Oedema,2018-12,Wales,23,133059,2,0.017
Turkeys,Conditions,Bruising/Fractures,2018-10,England,7968,831549,12,0.958
Turkeys,Conditions,Bruising/Fractures,2018-11,England,15357,2319690,21,0.662
Turkeys,Conditions,Bruising/Fractures,2018-12,England,18770,2133775,23,0.88
Turkeys,Conditions,Bruising/Fractures,2018-10,Wales,47,8043,1,0.584
Turkeys,Conditions,Bruising/Fractures,2018-11,Wales,52,104733,2,0.05
Turkeys,Conditions,Bruising/Fractures,2018-12,Wales,39,133059,2,0.029
Turkeys,Conditions,Cellulitis,2018-10,England,444,831549,12,0.053
Turkeys,Conditions,Cellulitis,2018-11,England,901,2319690,21,0.039
Turkeys,Conditions,Cellulitis,2018-12,England,309,2133775,23,0.014
Turkeys,Conditions,Cellulitis,2018-10,Wales,17,8043,1,0.211
Turkeys,Conditions,Cellulitis,2018-12,Wales,53,133059,2,0.04
Turkeys,Conditions,Contamination,2018-10,England,400,831549,12,0.048
Turkeys,Conditions,Contamination,2018-11,England,1303,2319690,21,0.056
Turkeys,Conditions,Contamination,2018-12,England,901,2133775,23,0.042
Turkeys,Conditions,Contamination,2018-10,Wales,36,8043,1,0.448
Turkeys,Conditions,Contamination,2018-11,Wales,933,104733,2,0.891
Turkeys,Conditions,Contamination,2018-12,Wales,595,133059,2,0.447
Turkeys,Conditions,Dead on Arrival/Death in the Lairage (DOA),2018-10,England,364,831549,12,0.044
Turkeys,Conditions,Dead on Arrival/Death in the Lairage (DOA),2018-11,England,661,2319690,21,0.028
Turkeys,Conditions,Dead on Arrival/Death in the Lairage (DOA),2018-12,England,859,2133775,23,0.04
Turkeys,Conditions,Dead on Arrival/Death in the Lairage (DOA),2018-11,Wales,21,104733,2,0.02
Turkeys,Conditions,Dead on Arrival/Death in the Lairage (DOA),2018-12,Wales,35,133059,2,0.026
Turkeys,Conditions,Death other than slaughter (uncut/badly bled),2018-10,England,275,831549,12,0.033
Turkeys,Conditions,Death other than slaughter (uncut/badly bled),2018-11,England,243,2319690,21,0.01
Turkeys,Conditions,Death other than slaughter (uncut/badly bled),2018-12,England,208,2133775,23,0.01
Turkeys,Conditions,Dermatitis,2018-10,England,547,831549,12,0.066
Turkeys,Conditions,Dermatitis,2018-11,England,869,2319690,21,0.037
Turkeys,Conditions,Dermatitis,2018-12,England,1161,2133775,23,0.054
Turkeys,Conditions,Dermatitis,2018-12,Wales,1,133059,2,0.001
Turkeys,Conditions,Emaciation,2018-10,England,549,831549,12,0.066
Turkeys,Conditions,Emaciation,2018-11,England,487,2319690,21,0.021
Turkeys,Conditions,Emaciation,2018-12,England,587,2133775,23,0.028
Turkeys,Conditions,Emaciation,2018-10,Wales,14,8043,1,0.174
Turkeys,Conditions,Emaciation,2018-11,Wales,4,104733,2,0.004
Turkeys,Conditions,Emaciation,2018-12,Wales,76,133059,2,0.057
Turkeys,Conditions,Hepatitis,2018-10,England,1465,831549,12,0.176
Turkeys,Conditions,Hepatitis,2018-11,England,2248,2319690,21,0.097
Turkeys,Conditions,Hepatitis,2018-12,England,2085,2133775,23,0.098
Turkeys,Conditions,Hepatitis,2018-10,Wales,135,8043,1,1.678
Turkeys,Conditions,Hepatitis,2018-11,Wales,739,104733,2,0.706
Turkeys,Conditions,Hepatitis,2018-12,Wales,1216,133059,2,0.914
Turkeys,Conditions,Joint Lesions,2018-10,England,328,831549,12,0.039
Turkeys,Conditions,Joint Lesions,2018-11,England,171,2319690,21,0.007
Turkeys,Conditions,Joint Lesions,2018-12,England,437,2133775,23,0.02
Turkeys,Conditions,Joint Lesions,2018-11,Wales,14,104733,2,0.013
Turkeys,Conditions,Joint Lesions,2018-12,Wales,25,133059,2,0.019
Turkeys,Conditions,Machine Damage,2018-10,England,188,831549,12,0.023
Turkeys,Conditions,Machine Damage,2018-11,England,629,2319690,21,0.027
Turkeys,Conditions,Machine Damage,2018-12,England,706,2133775,23,0.033
Turkeys,Conditions,Machine Damage,2018-10,Wales,73,8043,1,0.908
Turkeys,Conditions,Machine Damage,2018-11,Wales,172,104733,2,0.164
Turkeys,Conditions,Machine Damage,2018-12,Wales,75,133059,2,0.056
Turkeys,Conditions,"Other Factory (poor plucking, product requirement)",2018-10,England,129,831549,12,0.016
Turkeys,Conditions,"Other Factory (poor plucking, product requirement)",2018-11,England,253,2319690,21,0.011
Turkeys,Conditions,"Other Factory (poor plucking, product requirement)",2018-12,England,211,2133775,23,0.01
Turkeys,Conditions,"Other Factory (poor plucking, product requirement)",2018-11,Wales,6,104733,2,0.006
Turkeys,Conditions,"Other Farm (Jaundice, Oregon, White Muscle,Congen)",2018-10,England,1,831549,12,0
Turkeys,Conditions,"Other Farm (Jaundice, Oregon, White Muscle,Congen)",2018-11,England,26,2319690,21,0.001
Turkeys,Conditions,"Other Farm (Jaundice, Oregon, White Muscle,Congen)",2018-12,England,20,2133775,23,0.001
Turkeys,Conditions,Overscald,2018-10,England,447,831549,12,0.054
Turkeys,Conditions,Overscald,2018-11,England,1609,2319690,21,0.069
Turkeys,Conditions,Overscald,2018-12,England,208,2133775,23,0.01
Turkeys,Conditions,Overscald,2018-11,Wales,47,104733,2,0.045
Turkeys,Conditions,Overscald,2018-12,Wales,2,133059,2,0.002
Turkeys,Conditions,Pericarditis,2018-10,England,2767,831549,12,0.333
Turkeys,Conditions,Pericarditis,2018-11,England,6049,2319690,21,0.261
Turkeys,Conditions,Pericarditis,2018-12,England,3734,2133775,23,0.175
Turkeys,Conditions,Pericarditis,2018-10,Wales,545,8043,1,6.776
Turkeys,Conditions,Pericarditis,2018-11,Wales,3199,104733,2,3.054
Turkeys,Conditions,Pericarditis,2018-12,Wales,3278,133059,2,2.464
Turkeys,Conditions,Perihepatitis/Peritonitis,2018-10,England,446,831549,12,0.054
Turkeys,Conditions,Perihepatitis/Peritonitis,2018-11,England,1409,2319690,21,0.061
Turkeys,Conditions,Perihepatitis/Peritonitis,2018-12,England,847,2133775,23,0.04
Turkeys,Conditions,Perihepatitis/Peritonitis,2018-10,Wales,2,8043,1,0.025
Turkeys,Conditions,Perihepatitis/Peritonitis,2018-11,Wales,8,104733,2,0.008
Turkeys,Conditions,Perihepatitis/Peritonitis,2018-12,Wales,45,133059,2,0.034
Turkeys,Conditions,Respiratory Disease (air sacculitis),2018-10,England,187,831549,12,0.022
Turkeys,Conditions,Respiratory Disease (air sacculitis),2018-11,England,227,2319690,21,0.01
Turkeys,Conditions,Respiratory Disease (air sacculitis),2018-12,England,210,2133775,23,0.01
Turkeys,Conditions,Salpingitis,2018-10,England,122,831549,12,0.015
Turkeys,Conditions,Salpingitis,2018-11,England,9,2319690,21,0
Turkeys,Conditions,Salpingitis,2018-12,England,47,2133775,23,0.002
Turkeys,Conditions,Salpingitis,2018-10,Wales,1,8043,1,0.012
Turkeys,Conditions,Salpingitis,2018-11,Wales,3,104733,2,0.003
Turkeys,Conditions,Salpingitis,2018-12,Wales,3,133059,2,0.002
Turkeys,Conditions,Tumours/Nodules,2018-10,England,5,831549,12,0.001
Turkeys,Conditions,Tumours/Nodules,2018-11,England,18,2319690,21,0.001
Turkeys,Conditions,Tumours/Nodules,2018-12,England,17,2133775,23,0.001
Turkeys,Conditions,Tumours/Nodules,2018-10,Wales,1,8043,1,0.012
