???Species,InspectionType,Condition,YearMonth,Country,NumberOfConditions,Throughput,NumberOfThroughputPlants,PercentageOfThroughput
Broilers,Conditions,Abnormal Colour/Fevered,2020-07,England,155812,72066108,44,0.216
Broilers,Conditions,Abnormal Colour/Fevered,2020-08,England,166853,68773331,43,0.243
Broilers,Conditions,Abnormal Colour/Fevered,2020-09,England,160729,65124367,42,0.247
Broilers,Conditions,Abnormal Colour/Fevered,2020-07,Wales,10683,7924167,3,0.135
Broilers,Conditions,Abnormal Colour/Fevered,2020-08,Wales,10680,8295869,4,0.129
Broilers,Conditions,Abnormal Colour/Fevered,2020-09,Wales,12830,7861283,3,0.163
Broilers,Conditions,Antemortem Rejects (Cull/Runts),2020-07,England,32604,72066108,44,0.045
Broilers,Conditions,Antemortem Rejects (Cull/Runts),2020-08,England,25866,68773331,43,0.038
Broilers,Conditions,Antemortem Rejects (Cull/Runts),2020-09,England,23708,65124367,42,0.036
Broilers,Conditions,Antemortem Rejects (Cull/Runts),2020-07,Wales,525,7924167,3,0.007
Broilers,Conditions,Antemortem Rejects (Cull/Runts),2020-08,Wales,548,8295869,4,0.007
Broilers,Conditions,Antemortem Rejects (Cull/Runts),2020-09,Wales,761,7861283,3,0.01
Broilers,Conditions,Ascites/Oedema,2020-07,England,192800,72066108,44,0.268
Broilers,Conditions,Ascites/Oedema,2020-08,England,165882,68773331,43,0.241
Broilers,Conditions,Ascites/Oedema,2020-09,England,166879,65124367,42,0.256
Broilers,Conditions,Ascites/Oedema,2020-07,Wales,24876,7924167,3,0.314
Broilers,Conditions,Ascites/Oedema,2020-08,Wales,21179,8295869,4,0.255
Broilers,Conditions,Ascites/Oedema,2020-09,Wales,24183,7861283,3,0.308
Broilers,Conditions,Bruising/Fractures,2020-07,England,12872,72066108,44,0.018
Broilers,Conditions,Bruising/Fractures,2020-07,England,2420,72066108,44,0.003
Broilers,Conditions,Bruising/Fractures,2020-08,England,84204,68773331,43,0.122
Broilers,Conditions,Bruising/Fractures,2020-08,England,2397,68773331,43,0.003
Broilers,Conditions,Bruising/Fractures,2020-09,England,2245,65124367,42,0.003
Broilers,Conditions,Bruising/Fractures,2020-09,England,13519,65124367,42,0.021
Broilers,Conditions,Bruising/Fractures,2020-07,Wales,3457,7924167,3,0.044
Broilers,Conditions,Bruising/Fractures,2020-07,Wales,2031,7924167,3,0.026
Broilers,Conditions,Bruising/Fractures,2020-08,Wales,1989,8295869,4,0.024
Broilers,Conditions,Bruising/Fractures,2020-08,Wales,2395,8295869,4,0.029
Broilers,Conditions,Bruising/Fractures,2020-09,Wales,2068,7861283,3,0.026
Broilers,Conditions,Bruising/Fractures,2020-09,Wales,2754,7861283,3,0.035
Broilers,Conditions,Cellulitis,2020-07,England,12735,72066108,44,0.018
Broilers,Conditions,Cellulitis,2020-07,England,206785,72066108,44,0.287
Broilers,Conditions,Cellulitis,2020-08,England,12724,68773331,43,0.019
Broilers,Conditions,Cellulitis,2020-08,England,207419,68773331,43,0.302
Broilers,Conditions,Cellulitis,2020-09,England,14083,65124367,42,0.022
Broilers,Conditions,Cellulitis,2020-09,England,177381,65124367,42,0.272
Broilers,Conditions,Cellulitis,2020-07,Wales,23476,7924167,3,0.296
Broilers,Conditions,Cellulitis,2020-07,Wales,1,7924167,3,0
Broilers,Conditions,Cellulitis,2020-08,Wales,22933,8295869,4,0.276
Broilers,Conditions,Cellulitis,2020-09,Wales,21093,7861283,3,0.268
Broilers,Conditions,Cellulitis,2020-09,Wales,7,7861283,3,0
Broilers,Conditions,Contamination,2020-07,England,61962,72066108,44,0.086
Broilers,Conditions,Contamination,2020-07,England,62817,72066108,44,0.087
Broilers,Conditions,Contamination,2020-08,England,58290,68773331,43,0.085
Broilers,Conditions,Contamination,2020-08,England,57902,68773331,43,0.084
Broilers,Conditions,Contamination,2020-09,England,48485,65124367,42,0.074
Broilers,Conditions,Contamination,2020-09,England,43073,65124367,42,0.066
Broilers,Conditions,Contamination,2020-07,Wales,2,7924167,3,0
Broilers,Conditions,Contamination,2020-07,Wales,6677,7924167,3,0.084
Broilers,Conditions,Contamination,2020-08,Wales,8430,8295869,4,0.102
Broilers,Conditions,Contamination,2020-09,Wales,8291,7861283,3,0.105
Broilers,Conditions,Dead on Arrival/Death in the Lairage (DOA),2020-07,England,73563,72066108,44,0.102
Broilers,Conditions,Dead on Arrival/Death in the Lairage (DOA),2020-08,England,92478,68773331,43,0.134
Broilers,Conditions,Dead on Arrival/Death in the Lairage (DOA),2020-09,England,70253,65124367,42,0.108
Broilers,Conditions,Dead on Arrival/Death in the Lairage (DOA),2020-07,Wales,6054,7924167,3,0.076
Broilers,Conditions,Dead on Arrival/Death in the Lairage (DOA),2020-08,Wales,6655,8295869,4,0.08
Broilers,Conditions,Dead on Arrival/Death in the Lairage (DOA),2020-09,Wales,7408,7861283,3,0.094
Broilers,Conditions,Death other than slaughter (uncut/badly bled),2020-07,England,13495,72066108,44,0.019
Broilers,Conditions,Death other than slaughter (uncut/badly bled),2020-08,England,12394,68773331,43,0.018
Broilers,Conditions,Death other than slaughter (uncut/badly bled),2020-09,England,11181,65124367,42,0.017
Broilers,Conditions,Death other than slaughter (uncut/badly bled),2020-07,Wales,3098,7924167,3,0.039
Broilers,Conditions,Death other than slaughter (uncut/badly bled),2020-08,Wales,2369,8295869,4,0.029
Broilers,Conditions,Death other than slaughter (uncut/badly bled),2020-09,Wales,2586,7861283,3,0.033
Broilers,Conditions,Dermatitis,2020-07,England,20,72066108,44,0
Broilers,Conditions,Dermatitis,2020-07,England,10733,72066108,44,0.015
Broilers,Conditions,Dermatitis,2020-08,England,7583,68773331,43,0.011
Broilers,Conditions,Dermatitis,2020-08,England,24,68773331,43,0
Broilers,Conditions,Dermatitis,2020-09,England,6877,65124367,42,0.011
Broilers,Conditions,Dermatitis,2020-09,England,22,65124367,42,0
Broilers,Conditions,Dermatitis,2020-07,Wales,2453,7924167,3,0.031
Broilers,Conditions,Dermatitis,2020-07,Wales,18,7924167,3,0
Broilers,Conditions,Dermatitis,2020-08,Wales,2292,8295869,4,0.028
Broilers,Conditions,Dermatitis,2020-08,Wales,16,8295869,4,0
Broilers,Conditions,Dermatitis,2020-09,Wales,21,7861283,3,0
Broilers,Conditions,Dermatitis,2020-09,Wales,1730,7861283,3,0.022
Broilers,Conditions,Emaciation,2020-07,England,10878,72066108,44,0.015
Broilers,Conditions,Emaciation,2020-08,England,11937,68773331,43,0.017
Broilers,Conditions,Emaciation,2020-09,England,11388,65124367,42,0.017
Broilers,Conditions,Emaciation,2020-07,Wales,3174,7924167,3,0.04
Broilers,Conditions,Emaciation,2020-08,Wales,3727,8295869,4,0.045
Broilers,Conditions,Emaciation,2020-09,Wales,4117,7861283,3,0.052
Broilers,Conditions,Hepatitis,2020-07,England,29719,72066108,44,0.041
Broilers,Conditions,Hepatitis,2020-07,England,85939,72066108,44,0.119
Broilers,Conditions,Hepatitis,2020-08,England,28955,68773331,43,0.042
Broilers,Conditions,Hepatitis,2020-08,England,73946,68773331,43,0.108
Broilers,Conditions,Hepatitis,2020-09,England,28778,65124367,42,0.044
Broilers,Conditions,Hepatitis,2020-09,England,56487,65124367,42,0.087
Broilers,Conditions,Hepatitis,2020-07,Wales,8687,7924167,3,0.11
Broilers,Conditions,Hepatitis,2020-07,Wales,4141,7924167,3,0.052
Broilers,Conditions,Hepatitis,2020-08,Wales,7129,8295869,4,0.086
Broilers,Conditions,Hepatitis,2020-08,Wales,3124,8295869,4,0.038
Broilers,Conditions,Hepatitis,2020-09,Wales,2727,7861283,3,0.035
Broilers,Conditions,Hepatitis,2020-09,Wales,5919,7861283,3,0.075
Broilers,Conditions,Joint Lesions,2020-07,England,497,72066108,44,0.001
Broilers,Conditions,Joint Lesions,2020-07,England,17421,72066108,44,0.024
Broilers,Conditions,Joint Lesions,2020-08,England,17940,68773331,43,0.026
Broilers,Conditions,Joint Lesions,2020-08,England,679,68773331,43,0.001
Broilers,Conditions,Joint Lesions,2020-09,England,17827,65124367,42,0.027
Broilers,Conditions,Joint Lesions,2020-09,England,622,65124367,42,0.001
Broilers,Conditions,Joint Lesions,2020-07,Wales,977,7924167,3,0.012
Broilers,Conditions,Joint Lesions,2020-07,Wales,226,7924167,3,0.003
Broilers,Conditions,Joint Lesions,2020-08,Wales,116,8295869,4,0.001
Broilers,Conditions,Joint Lesions,2020-08,Wales,1399,8295869,4,0.017
Broilers,Conditions,Joint Lesions,2020-09,Wales,130,7861283,3,0.002
Broilers,Conditions,Joint Lesions,2020-09,Wales,1431,7861283,3,0.018
Broilers,Conditions,Machine Damage,2020-07,England,13386,72066108,44,0.019
Broilers,Conditions,Machine Damage,2020-07,England,97367,72066108,44,0.135
Broilers,Conditions,Machine Damage,2020-08,England,11144,68773331,43,0.016
Broilers,Conditions,Machine Damage,2020-08,England,84734,68773331,43,0.123
Broilers,Conditions,Machine Damage,2020-09,England,78885,65124367,42,0.121
Broilers,Conditions,Machine Damage,2020-09,England,12436,65124367,42,0.019
Broilers,Conditions,Machine Damage,2020-07,Wales,18,7924167,3,0
Broilers,Conditions,Machine Damage,2020-07,Wales,4209,7924167,3,0.053
Broilers,Conditions,Machine Damage,2020-08,Wales,3548,8295869,4,0.043
Broilers,Conditions,Machine Damage,2020-08,Wales,16,8295869,4,0
Broilers,Conditions,Machine Damage,2020-09,Wales,3122,7861283,3,0.04
Broilers,Conditions,Machine Damage,2020-09,Wales,14,7861283,3,0
Broilers,Conditions,"Other Factory (poor plucking, product requirement)",2020-07,England,37222,72066108,44,0.052
Broilers,Conditions,"Other Factory (poor plucking, product requirement)",2020-08,England,35831,68773331,43,0.052
Broilers,Conditions,"Other Factory (poor plucking, product requirement)",2020-08,England,37,68773331,43,0
Broilers,Conditions,"Other Factory (poor plucking, product requirement)",2020-09,England,14,65124367,42,0
Broilers,Conditions,"Other Factory (poor plucking, product requirement)",2020-09,England,37184,65124367,42,0.057
Broilers,Conditions,"Other Factory (poor plucking, product requirement)",2020-07,Wales,3893,7924167,3,0.049
Broilers,Conditions,"Other Factory (poor plucking, product requirement)",2020-08,Wales,4660,8295869,4,0.056
Broilers,Conditions,"Other Factory (poor plucking, product requirement)",2020-09,Wales,2312,7861283,3,0.029
Broilers,Conditions,"Other Farm (Jaundice, Oregon, White Muscle,Congen)",2020-07,England,433,72066108,44,0.001
Broilers,Conditions,"Other Farm (Jaundice, Oregon, White Muscle,Congen)",2020-07,England,62078,72066108,44,0.086
Broilers,Conditions,"Other Farm (Jaundice, Oregon, White Muscle,Congen)",2020-08,England,57869,68773331,43,0.084
Broilers,Conditions,"Other Farm (Jaundice, Oregon, White Muscle,Congen)",2020-08,England,1097,68773331,43,0.002
Broilers,Conditions,"Other Farm (Jaundice, Oregon, White Muscle,Congen)",2020-09,England,66518,65124367,42,0.102
Broilers,Conditions,"Other Farm (Jaundice, Oregon, White Muscle,Congen)",2020-09,England,370,65124367,42,0.001
Broilers,Conditions,"Other Farm (Jaundice, Oregon, White Muscle,Congen)",2020-07,Wales,7063,7924167,3,0.089
Broilers,Conditions,"Other Farm (Jaundice, Oregon, White Muscle,Congen)",2020-08,Wales,9724,8295869,4,0.117
Broilers,Conditions,"Other Farm (Jaundice, Oregon, White Muscle,Congen)",2020-09,Wales,11465,7861283,3,0.146
Broilers,Conditions,Overscald,2020-07,England,35696,72066108,44,0.05
Broilers,Conditions,Overscald,2020-08,England,27,68773331,43,0
Broilers,Conditions,Overscald,2020-08,England,26748,68773331,43,0.039
Broilers,Conditions,Overscald,2020-09,England,155,65124367,42,0
Broilers,Conditions,Overscald,2020-09,England,27506,65124367,42,0.042
Broilers,Conditions,Overscald,2020-07,Wales,7898,7924167,3,0.1
Broilers,Conditions,Overscald,2020-08,Wales,9117,8295869,4,0.11
Broilers,Conditions,Overscald,2020-09,Wales,4,7861283,3,0
Broilers,Conditions,Overscald,2020-09,Wales,7325,7861283,3,0.093
Broilers,Conditions,Pericarditis,2020-07,England,140808,72066108,44,0.195
Broilers,Conditions,Pericarditis,2020-07,England,20246,72066108,44,0.028
Broilers,Conditions,Pericarditis,2020-08,England,13267,68773331,43,0.019
Broilers,Conditions,Pericarditis,2020-08,England,80275,68773331,43,0.117
Broilers,Conditions,Pericarditis,2020-09,England,15130,65124367,42,0.023
Broilers,Conditions,Pericarditis,2020-09,England,63288,65124367,42,0.097
Broilers,Conditions,Pericarditis,2020-07,Wales,4702,7924167,3,0.059
Broilers,Conditions,Pericarditis,2020-07,Wales,803,7924167,3,0.01
Broilers,Conditions,Pericarditis,2020-08,Wales,3316,8295869,4,0.04
Broilers,Conditions,Pericarditis,2020-08,Wales,563,8295869,4,0.007
Broilers,Conditions,Pericarditis,2020-09,Wales,4114,7861283,3,0.052
Broilers,Conditions,Pericarditis,2020-09,Wales,1046,7861283,3,0.013
Broilers,Conditions,Perihepatitis/Peritonitis,2020-07,England,83194,72066108,44,0.115
Broilers,Conditions,Perihepatitis/Peritonitis,2020-07,England,542,72066108,44,0.001
Broilers,Conditions,Perihepatitis/Peritonitis,2020-08,England,351,68773331,43,0.001
Broilers,Conditions,Perihepatitis/Peritonitis,2020-08,England,79792,68773331,43,0.116
Broilers,Conditions,Perihepatitis/Peritonitis,2020-09,England,71623,65124367,42,0.11
Broilers,Conditions,Perihepatitis/Peritonitis,2020-09,England,246,65124367,42,0
Broilers,Conditions,Perihepatitis/Peritonitis,2020-07,Wales,2,7924167,3,0
Broilers,Conditions,Perihepatitis/Peritonitis,2020-07,Wales,8208,7924167,3,0.104
Broilers,Conditions,Perihepatitis/Peritonitis,2020-08,Wales,26,8295869,4,0
Broilers,Conditions,Perihepatitis/Peritonitis,2020-08,Wales,7018,8295869,4,0.085
Broilers,Conditions,Perihepatitis/Peritonitis,2020-09,Wales,1,7861283,3,0
Broilers,Conditions,Perihepatitis/Peritonitis,2020-09,Wales,8100,7861283,3,0.103
Broilers,Conditions,Respiratory Disease (air sacculitis),2020-07,England,1102,72066108,44,0.002
Broilers,Conditions,Respiratory Disease (air sacculitis),2020-07,England,7,72066108,44,0
Broilers,Conditions,Respiratory Disease (air sacculitis),2020-08,England,1934,68773331,43,0.003
Broilers,Conditions,Respiratory Disease (air sacculitis),2020-08,England,12,68773331,43,0
Broilers,Conditions,Respiratory Disease (air sacculitis),2020-09,England,833,65124367,42,0.001
Broilers,Conditions,Respiratory Disease (air sacculitis),2020-09,England,16,65124367,42,0
Broilers,Conditions,Respiratory Disease (air sacculitis),2020-07,Wales,46,7924167,3,0.001
Broilers,Conditions,Respiratory Disease (air sacculitis),2020-08,Wales,46,8295869,4,0.001
Broilers,Conditions,Respiratory Disease (air sacculitis),2020-09,Wales,55,7861283,3,0.001
Broilers,Conditions,Salpingitis,2020-07,England,386,72066108,44,0.001
Broilers,Conditions,Salpingitis,2020-08,England,374,68773331,43,0.001
Broilers,Conditions,Salpingitis,2020-09,England,268,65124367,42,0
Broilers,Conditions,Salpingitis,2020-07,Wales,7,7924167,3,0
Broilers,Conditions,Salpingitis,2020-09,Wales,3,7861283,3,0
Broilers,Conditions,Tumours/Nodules,2020-07,England,11921,72066108,44,0.017
Broilers,Conditions,Tumours/Nodules,2020-07,England,46,72066108,44,0
Broilers,Conditions,Tumours/Nodules,2020-08,England,9,68773331,43,0
Broilers,Conditions,Tumours/Nodules,2020-08,England,10828,68773331,43,0.016
Broilers,Conditions,Tumours/Nodules,2020-09,England,11019,65124367,42,0.017
Broilers,Conditions,Tumours/Nodules,2020-09,England,6,65124367,42,0
Broilers,Conditions,Tumours/Nodules,2020-07,Wales,398,7924167,3,0.005
Broilers,Conditions,Tumours/Nodules,2020-08,Wales,224,8295869,4,0.003
Broilers,Conditions,Tumours/Nodules,2020-09,Wales,356,7861283,3,0.005
Ducks,Conditions,Abnormal Colour/Fevered,2020-07,England,27,712821,6,0.004
Ducks,Conditions,Abnormal Colour/Fevered,2020-08,England,114,676417,3,0.017
Ducks,Conditions,Abnormal Colour/Fevered,2020-09,England,83,711455,8,0.012
Ducks,Conditions,Antemortem Rejects (Cull/Runts),2020-07,England,9,712821,6,0.001
Ducks,Conditions,Antemortem Rejects (Cull/Runts),2020-08,England,18,676417,3,0.003
Ducks,Conditions,Antemortem Rejects (Cull/Runts),2020-09,England,44,711455,8,0.006
Ducks,Conditions,Ascites/Oedema,2020-07,England,3170,712821,6,0.445
Ducks,Conditions,Ascites/Oedema,2020-08,England,3196,676417,3,0.472
Ducks,Conditions,Ascites/Oedema,2020-09,England,4945,711455,8,0.695
Ducks,Conditions,Contamination,2020-07,England,11,712821,6,0.002
Ducks,Conditions,Contamination,2020-07,England,7,712821,6,0.001
Ducks,Conditions,Contamination,2020-08,England,82,676417,3,0.012
Ducks,Conditions,Contamination,2020-09,England,13,711455,8,0.002
Ducks,Conditions,Dead on Arrival/Death in the Lairage (DOA),2020-07,England,338,712821,6,0.047
Ducks,Conditions,Dead on Arrival/Death in the Lairage (DOA),2020-08,England,621,676417,3,0.092
Ducks,Conditions,Dead on Arrival/Death in the Lairage (DOA),2020-09,England,543,711455,8,0.076
Ducks,Conditions,Death other than slaughter (uncut/badly bled),2020-07,England,1,712821,6,0
Ducks,Conditions,Dermatitis,2020-07,England,293,712821,6,0.041
Ducks,Conditions,Dermatitis,2020-08,England,1021,676417,3,0.151
Ducks,Conditions,Dermatitis,2020-09,England,684,711455,8,0.096
Ducks,Conditions,Emaciation,2020-07,England,608,712821,6,0.085
Ducks,Conditions,Emaciation,2020-08,England,607,676417,3,0.09
Ducks,Conditions,Emaciation,2020-09,England,633,711455,8,0.089
Ducks,Conditions,Hepatitis,2020-07,England,59,712821,6,0.008
Ducks,Conditions,Hepatitis,2020-08,England,43,676417,3,0.006
Ducks,Conditions,Hepatitis,2020-09,England,62,711455,8,0.009
Ducks,Conditions,Hepatitis,2020-09,England,5,711455,8,0.001
Ducks,Conditions,Joint Lesions,2020-07,England,192,712821,6,0.027
Ducks,Conditions,Joint Lesions,2020-08,England,458,676417,3,0.068
Ducks,Conditions,Joint Lesions,2020-09,England,314,711455,8,0.044
Ducks,Conditions,Machine Damage,2020-07,England,31,712821,6,0.004
Ducks,Conditions,Machine Damage,2020-08,England,231,676417,3,0.034
Ducks,Conditions,Machine Damage,2020-09,England,263,711455,8,0.037
Ducks,Conditions,"Other Factory (poor plucking, product requirement)",2020-07,England,15,712821,6,0.002
Ducks,Conditions,"Other Factory (poor plucking, product requirement)",2020-08,England,63,676417,3,0.009
Ducks,Conditions,"Other Factory (poor plucking, product requirement)",2020-09,England,28,711455,8,0.004
Ducks,Conditions,"Other Farm (Jaundice, Oregon, White Muscle,Congen)",2020-07,England,25,712821,6,0.004
Ducks,Conditions,"Other Farm (Jaundice, Oregon, White Muscle,Congen)",2020-07,England,4,712821,6,0.001
Ducks,Conditions,"Other Farm (Jaundice, Oregon, White Muscle,Congen)",2020-08,England,8,676417,3,0.001
Ducks,Conditions,"Other Farm (Jaundice, Oregon, White Muscle,Congen)",2020-09,England,15,711455,8,0.002
Ducks,Conditions,Overscald,2020-07,England,1,712821,6,0
Ducks,Conditions,Overscald,2020-08,England,49,676417,3,0.007
Ducks,Conditions,Overscald,2020-09,England,8,711455,8,0.001
Ducks,Conditions,Pericarditis,2020-07,England,480,712821,6,0.067
Ducks,Conditions,Pericarditis,2020-08,England,344,676417,3,0.051
Ducks,Conditions,Pericarditis,2020-09,England,249,711455,8,0.035
Ducks,Conditions,Pericarditis,2020-09,England,1,711455,8,0
Ducks,Conditions,Perihepatitis/Peritonitis,2020-07,England,19,712821,6,0.003
Ducks,Conditions,Perihepatitis/Peritonitis,2020-08,England,4,676417,3,0.001
Ducks,Conditions,Perihepatitis/Peritonitis,2020-09,England,81,711455,8,0.011
Ducks,Conditions,Respiratory Disease (air sacculitis),2020-07,England,20,712821,6,0.003
Ducks,Conditions,Respiratory Disease (air sacculitis),2020-08,England,117,676417,3,0.017
Ducks,Conditions,Respiratory Disease (air sacculitis),2020-09,England,64,711455,8,0.009
Ducks,Conditions,Salpingitis,2020-07,England,5,712821,6,0.001
Ducks,Conditions,Salpingitis,2020-08,England,20,676417,3,0.003
Ducks,Conditions,Salpingitis,2020-09,England,1,711455,8,0
Ducks,Conditions,Tumours/Nodules,2020-07,England,315,712821,6,0.044
Ducks,Conditions,Tumours/Nodules,2020-08,England,226,676417,3,0.033
Ducks,Conditions,Tumours/Nodules,2020-09,England,218,711455,8,0.031
Hens,Conditions,Abnormal Colour/Fevered,2020-07,England,7376,3283741,14,0.225
Hens,Conditions,Abnormal Colour/Fevered,2020-08,England,9320,2670764,12,0.349
Hens,Conditions,Abnormal Colour/Fevered,2020-09,England,5588,2617539,11,0.213
Hens,Conditions,Antemortem Rejects (Cull/Runts),2020-07,England,90,3283741,14,0.003
Hens,Conditions,Antemortem Rejects (Cull/Runts),2020-08,England,232,2670764,12,0.009
Hens,Conditions,Antemortem Rejects (Cull/Runts),2020-09,England,48,2617539,11,0.002
Hens,Conditions,Ascites/Oedema,2020-07,England,2524,3283741,14,0.077
Hens,Conditions,Ascites/Oedema,2020-08,England,2625,2670764,12,0.098
Hens,Conditions,Ascites/Oedema,2020-09,England,1991,2617539,11,0.076
Hens,Conditions,Bruising/Fractures,2020-07,England,154,3283741,14,0.005
Hens,Conditions,Bruising/Fractures,2020-07,England,5577,3283741,14,0.17
Hens,Conditions,Bruising/Fractures,2020-08,England,115,2670764,12,0.004
Hens,Conditions,Bruising/Fractures,2020-08,England,3336,2670764,12,0.125
Hens,Conditions,Bruising/Fractures,2020-09,England,3584,2617539,11,0.137
Hens,Conditions,Cellulitis,2020-07,England,318,3283741,14,0.01
Hens,Conditions,Cellulitis,2020-08,England,413,2670764,12,0.015
Hens,Conditions,Cellulitis,2020-09,England,425,2617539,11,0.016
Hens,Conditions,Contamination,2020-07,England,518,3283741,14,0.016
Hens,Conditions,Contamination,2020-07,England,7,3283741,14,0
Hens,Conditions,Contamination,2020-08,England,17,2670764,12,0.001
Hens,Conditions,Contamination,2020-08,England,303,2670764,12,0.011
Hens,Conditions,Contamination,2020-09,England,458,2617539,11,0.017
Hens,Conditions,Contamination,2020-09,England,49,2617539,11,0.002
Hens,Conditions,Dead on Arrival/Death in the Lairage (DOA),2020-07,England,6460,3283741,14,0.197
Hens,Conditions,Dead on Arrival/Death in the Lairage (DOA),2020-08,England,5606,2670764,12,0.21
Hens,Conditions,Dead on Arrival/Death in the Lairage (DOA),2020-09,England,5162,2617539,11,0.197
Hens,Conditions,Death other than slaughter (uncut/badly bled),2020-07,England,19,3283741,14,0.001
Hens,Conditions,Death other than slaughter (uncut/badly bled),2020-08,England,26,2670764,12,0.001
Hens,Conditions,Death other than slaughter (uncut/badly bled),2020-09,England,4,2617539,11,0
Hens,Conditions,Dermatitis,2020-07,England,2659,3283741,14,0.081
Hens,Conditions,Dermatitis,2020-08,England,1846,2670764,12,0.069
Hens,Conditions,Dermatitis,2020-09,England,1415,2617539,11,0.054
Hens,Conditions,Emaciation,2020-07,England,5256,3283741,14,0.16
Hens,Conditions,Emaciation,2020-08,England,4117,2670764,12,0.154
Hens,Conditions,Emaciation,2020-09,England,3938,2617539,11,0.15
Hens,Conditions,Hepatitis,2020-07,England,2,3283741,14,0
Hens,Conditions,Hepatitis,2020-07,England,142,3283741,14,0.004
Hens,Conditions,Hepatitis,2020-08,England,190,2670764,12,0.007
Hens,Conditions,Hepatitis,2020-09,England,176,2617539,11,0.007
Hens,Conditions,Hepatitis,2020-09,England,30,2617539,11,0.001
Hens,Conditions,Joint Lesions,2020-07,England,89,3283741,14,0.003
Hens,Conditions,Joint Lesions,2020-08,England,71,2670764,12,0.003
Hens,Conditions,Joint Lesions,2020-09,England,73,2617539,11,0.003
Hens,Conditions,Machine Damage,2020-07,England,4137,3283741,14,0.126
Hens,Conditions,Machine Damage,2020-08,England,2617,2670764,12,0.098
Hens,Conditions,Machine Damage,2020-08,England,3,2670764,12,0
Hens,Conditions,Machine Damage,2020-09,England,2395,2617539,11,0.091
Hens,Conditions,"Other Factory (poor plucking, product requirement)",2020-07,England,415,3283741,14,0.013
Hens,Conditions,"Other Factory (poor plucking, product requirement)",2020-08,England,6,2670764,12,0
Hens,Conditions,"Other Factory (poor plucking, product requirement)",2020-08,England,1274,2670764,12,0.048
Hens,Conditions,"Other Factory (poor plucking, product requirement)",2020-09,England,460,2617539,11,0.018
Hens,Conditions,"Other Farm (Jaundice, Oregon, White Muscle,Congen)",2020-07,England,89,3283741,14,0.003
Hens,Conditions,"Other Farm (Jaundice, Oregon, White Muscle,Congen)",2020-08,England,98,2670764,12,0.004
Hens,Conditions,"Other Farm (Jaundice, Oregon, White Muscle,Congen)",2020-09,England,32,2617539,11,0.001
Hens,Conditions,Overscald,2020-07,England,2453,3283741,14,0.075
Hens,Conditions,Overscald,2020-08,England,1586,2670764,12,0.059
Hens,Conditions,Overscald,2020-09,England,1803,2617539,11,0.069
Hens,Conditions,Pericarditis,2020-07,England,23,3283741,14,0.001
Hens,Conditions,Pericarditis,2020-08,England,44,2670764,12,0.002
Hens,Conditions,Pericarditis,2020-09,England,15,2617539,11,0.001
Hens,Conditions,Pericarditis,2020-09,England,45,2617539,11,0.002
Hens,Conditions,Perihepatitis/Peritonitis,2020-07,England,4,3283741,14,0
Hens,Conditions,Perihepatitis/Peritonitis,2020-07,England,8010,3283741,14,0.244
Hens,Conditions,Perihepatitis/Peritonitis,2020-08,England,7214,2670764,12,0.27
Hens,Conditions,Perihepatitis/Peritonitis,2020-09,England,6295,2617539,11,0.24
Hens,Conditions,Respiratory Disease (air sacculitis),2020-07,England,104,3283741,14,0.003
Hens,Conditions,Respiratory Disease (air sacculitis),2020-08,England,56,2670764,12,0.002
Hens,Conditions,Respiratory Disease (air sacculitis),2020-09,England,28,2617539,11,0.001
Hens,Conditions,Salpingitis,2020-07,England,7144,3283741,14,0.218
Hens,Conditions,Salpingitis,2020-08,England,272,2670764,12,0.01
Hens,Conditions,Salpingitis,2020-08,England,6567,2670764,12,0.246
Hens,Conditions,Salpingitis,2020-09,England,4491,2617539,11,0.172
Hens,Conditions,Tumours/Nodules,2020-07,England,2129,3283741,14,0.065
Hens,Conditions,Tumours/Nodules,2020-07,England,1128,3283741,14,0.034
Hens,Conditions,Tumours/Nodules,2020-08,England,512,2670764,12,0.019
Hens,Conditions,Tumours/Nodules,2020-08,England,2319,2670764,12,0.087
Hens,Conditions,Tumours/Nodules,2020-09,England,1633,2617539,11,0.062
Hens,Conditions,Tumours/Nodules,2020-09,England,1995,2617539,11,0.076
Poultry,Conditions,Abnormal Colour/Fevered,2020-07,England,515,369366,11,0.139
Poultry,Conditions,Abnormal Colour/Fevered,2020-08,England,1146,751601,14,0.152
Poultry,Conditions,Abnormal Colour/Fevered,2020-09,England,1131,709904,12,0.159
Poultry,Conditions,Abnormal Colour/Fevered,2020-07,Wales,13,7610,2,0.171
Poultry,Conditions,Antemortem Rejects (Cull/Runts),2020-07,England,10,369366,11,0.003
Poultry,Conditions,Antemortem Rejects (Cull/Runts),2020-08,England,52,751601,14,0.007
Poultry,Conditions,Antemortem Rejects (Cull/Runts),2020-09,England,16,709904,12,0.002
Poultry,Conditions,Ascites/Oedema,2020-07,England,301,369366,11,0.081
Poultry,Conditions,Ascites/Oedema,2020-08,England,610,751601,14,0.081
Poultry,Conditions,Ascites/Oedema,2020-09,England,532,709904,12,0.075
Poultry,Conditions,Ascites/Oedema,2020-07,Wales,22,7610,2,0.289
Poultry,Conditions,Bruising/Fractures,2020-07,England,152,369366,11,0.041
Poultry,Conditions,Bruising/Fractures,2020-07,England,15,369366,11,0.004
Poultry,Conditions,Bruising/Fractures,2020-08,England,259,751601,14,0.034
Poultry,Conditions,Bruising/Fractures,2020-08,England,42,751601,14,0.006
Poultry,Conditions,Bruising/Fractures,2020-09,England,17,709904,12,0.002
Poultry,Conditions,Bruising/Fractures,2020-09,England,342,709904,12,0.048
Poultry,Conditions,Bruising/Fractures,2020-07,Wales,16,7610,2,0.21
Poultry,Conditions,Bruising/Fractures,2020-07,Wales,2,7610,2,0.026
Poultry,Conditions,Bruising/Fractures,2020-09,Wales,8,9000,1,0.089
Poultry,Conditions,Cellulitis,2020-07,England,196,369366,11,0.053
Poultry,Conditions,Cellulitis,2020-08,England,11,751601,14,0.001
Poultry,Conditions,Cellulitis,2020-08,England,453,751601,14,0.06
Poultry,Conditions,Cellulitis,2020-09,England,439,709904,12,0.062
Poultry,Conditions,Cellulitis,2020-07,Wales,22,7610,2,0.289
Poultry,Conditions,Cellulitis,2020-09,Wales,29,9000,1,0.322
Poultry,Conditions,Contamination,2020-07,England,177,369366,11,0.048
Poultry,Conditions,Contamination,2020-08,England,306,751601,14,0.041
Poultry,Conditions,Contamination,2020-08,England,9,751601,14,0.001
Poultry,Conditions,Contamination,2020-09,England,361,709904,12,0.051
Poultry,Conditions,Contamination,2020-09,England,14,709904,12,0.002
Poultry,Conditions,Contamination,2020-07,Wales,17,7610,2,0.223
Poultry,Conditions,Contamination,2020-09,Wales,1,9000,1,0.011
Poultry,Conditions,Dead on Arrival/Death in the Lairage (DOA),2020-07,England,259,369366,11,0.07
Poultry,Conditions,Dead on Arrival/Death in the Lairage (DOA),2020-08,England,561,751601,14,0.075
Poultry,Conditions,Dead on Arrival/Death in the Lairage (DOA),2020-09,England,687,709904,12,0.097
Poultry,Conditions,Dead on Arrival/Death in the Lairage (DOA),2020-07,Wales,17,7610,2,0.223
Poultry,Conditions,Death other than slaughter (uncut/badly bled),2020-08,England,1,751601,14,0
Poultry,Conditions,Dermatitis,2020-07,England,426,369366,11,0.115
Poultry,Conditions,Dermatitis,2020-08,England,668,751601,14,0.089
Poultry,Conditions,Dermatitis,2020-09,England,9,709904,12,0.001
Poultry,Conditions,Dermatitis,2020-09,England,928,709904,12,0.131
Poultry,Conditions,Emaciation,2020-07,England,202,369366,11,0.055
Poultry,Conditions,Emaciation,2020-08,England,482,751601,14,0.064
Poultry,Conditions,Emaciation,2020-09,England,599,709904,12,0.084
Poultry,Conditions,Emaciation,2020-07,Wales,2,7610,2,0.026
Poultry,Conditions,Emaciation,2020-09,Wales,2,9000,1,0.022
Poultry,Conditions,Hepatitis,2020-07,England,50,369366,11,0.014
Poultry,Conditions,Hepatitis,2020-07,England,127,369366,11,0.034
Poultry,Conditions,Hepatitis,2020-08,England,40,751601,14,0.005
Poultry,Conditions,Hepatitis,2020-08,England,31,751601,14,0.004
Poultry,Conditions,Hepatitis,2020-09,England,110,709904,12,0.015
Poultry,Conditions,Hepatitis,2020-09,England,21,709904,12,0.003
Poultry,Conditions,Hepatitis,2020-07,Wales,27,7610,2,0.355
Poultry,Conditions,Joint Lesions,2020-07,England,15,369366,11,0.004
Poultry,Conditions,Joint Lesions,2020-08,England,42,751601,14,0.006
Poultry,Conditions,Joint Lesions,2020-09,England,12,709904,12,0.002
Poultry,Conditions,Joint Lesions,2020-07,Wales,3,7610,2,0.039
Poultry,Conditions,Machine Damage,2020-07,England,108,369366,11,0.029
Poultry,Conditions,Machine Damage,2020-07,England,29,369366,11,0.008
Poultry,Conditions,Machine Damage,2020-08,England,179,751601,14,0.024
Poultry,Conditions,Machine Damage,2020-08,England,64,751601,14,0.009
Poultry,Conditions,Machine Damage,2020-09,England,157,709904,12,0.022
Poultry,Conditions,Machine Damage,2020-09,England,63,709904,12,0.009
Poultry,Conditions,Machine Damage,2020-07,Wales,6,7610,2,0.079
Poultry,Conditions,Machine Damage,2020-09,Wales,1,9000,1,0.011
Poultry,Conditions,"Other Factory (poor plucking, product requirement)",2020-07,England,11,369366,11,0.003
Poultry,Conditions,"Other Factory (poor plucking, product requirement)",2020-07,England,39,369366,11,0.011
Poultry,Conditions,"Other Factory (poor plucking, product requirement)",2020-08,England,14833,751601,14,1.974
Poultry,Conditions,"Other Factory (poor plucking, product requirement)",2020-09,England,763,709904,12,0.107
Poultry,Conditions,"Other Factory (poor plucking, product requirement)",2020-07,Wales,11,7610,2,0.145
Poultry,Conditions,"Other Farm (Jaundice, Oregon, White Muscle,Congen)",2020-07,England,103,369366,11,0.028
Poultry,Conditions,"Other Farm (Jaundice, Oregon, White Muscle,Congen)",2020-08,England,203,751601,14,0.027
Poultry,Conditions,"Other Farm (Jaundice, Oregon, White Muscle,Congen)",2020-09,England,290,709904,12,0.041
Poultry,Conditions,"Other Farm (Jaundice, Oregon, White Muscle,Congen)",2020-07,Wales,4,7610,2,0.053
Poultry,Conditions,"Other Farm (Jaundice, Oregon, White Muscle,Congen)",2020-09,Wales,5,9000,1,0.056
Poultry,Conditions,Overscald,2020-07,England,240,369366,11,0.065
Poultry,Conditions,Overscald,2020-08,England,15,751601,14,0.002
Poultry,Conditions,Overscald,2020-09,England,521,709904,12,0.073
Poultry,Conditions,Pericarditis,2020-07,England,60,369366,11,0.016
Poultry,Conditions,Pericarditis,2020-07,England,35,369366,11,0.009
Poultry,Conditions,Pericarditis,2020-08,England,28,751601,14,0.004
Poultry,Conditions,Pericarditis,2020-08,England,74,751601,14,0.01
Poultry,Conditions,Pericarditis,2020-09,England,10,709904,12,0.001
Poultry,Conditions,Pericarditis,2020-09,England,38,709904,12,0.005
Poultry,Conditions,Pericarditis,2020-07,Wales,7,7610,2,0.092
Poultry,Conditions,Pericarditis,2020-07,Wales,62,7610,2,0.815
Poultry,Conditions,Perihepatitis/Peritonitis,2020-07,England,547,369366,11,0.148
Poultry,Conditions,Perihepatitis/Peritonitis,2020-08,England,10,751601,14,0.001
Poultry,Conditions,Perihepatitis/Peritonitis,2020-08,England,1278,751601,14,0.17
Poultry,Conditions,Perihepatitis/Peritonitis,2020-09,England,1247,709904,12,0.176
Poultry,Conditions,Perihepatitis/Peritonitis,2020-09,Wales,1,9000,1,0.011
Poultry,Conditions,Respiratory Disease (air sacculitis),2020-07,England,3,369366,11,0.001
Poultry,Conditions,Respiratory Disease (air sacculitis),2020-08,England,16,751601,14,0.002
Poultry,Conditions,Respiratory Disease (air sacculitis),2020-09,England,1,709904,12,0
Poultry,Conditions,Salpingitis,2020-07,England,619,369366,11,0.168
Poultry,Conditions,Salpingitis,2020-07,England,46,369366,11,0.012
Poultry,Conditions,Salpingitis,2020-08,England,1161,751601,14,0.154
Poultry,Conditions,Salpingitis,2020-08,England,121,751601,14,0.016
Poultry,Conditions,Salpingitis,2020-09,England,1019,709904,12,0.144
Poultry,Conditions,Salpingitis,2020-07,Wales,7,7610,2,0.092
Poultry,Conditions,Tumours/Nodules,2020-07,England,404,369366,11,0.109
Poultry,Conditions,Tumours/Nodules,2020-07,England,2146,369366,11,0.581
Poultry,Conditions,Tumours/Nodules,2020-08,England,4166,751601,14,0.554
Poultry,Conditions,Tumours/Nodules,2020-08,England,871,751601,14,0.116
Poultry,Conditions,Tumours/Nodules,2020-09,England,4985,709904,12,0.702
Poultry,Conditions,Tumours/Nodules,2020-09,England,691,709904,12,0.097
Poultry,Conditions,Tumours/Nodules,2020-07,Wales,3,7610,2,0.039
Quail,Conditions,Abnormal Colour/Fevered,2020-07,England,13,2000,1,0.65
Quail,Conditions,Abnormal Colour/Fevered,2020-08,England,7,3500,1,0.2
Quail,Conditions,Abnormal Colour/Fevered,2020-09,England,19,4050,1,0.469
Quail,Conditions,Bruising/Fractures,2020-07,England,3,2000,1,0.15
Quail,Conditions,Bruising/Fractures,2020-08,England,1,3500,1,0.029
Quail,Conditions,Bruising/Fractures,2020-08,England,7,3500,1,0.2
Quail,Conditions,Bruising/Fractures,2020-09,England,2,4050,1,0.049
Quail,Conditions,Bruising/Fractures,2020-09,England,2,4050,1,0.049
Quail,Conditions,Cellulitis,2020-08,England,2,3500,1,0.057
Quail,Conditions,Dermatitis,2020-08,England,1,3500,1,0.029
Quail,Conditions,Emaciation,2020-07,England,3,2000,1,0.15
Quail,Conditions,Emaciation,2020-08,England,5,3500,1,0.143
Quail,Conditions,Emaciation,2020-09,England,7,4050,1,0.173
Quail,Conditions,Joint Lesions,2020-07,England,8,2000,1,0.4
Quail,Conditions,Joint Lesions,2020-08,England,22,3500,1,0.629
Quail,Conditions,Joint Lesions,2020-09,England,14,4050,1,0.346
Quail,Conditions,Tumours/Nodules,2020-08,England,1,3500,1,0.029
Turkeys,Conditions,Abnormal Colour/Fevered,2020-07,England,593,1282872,10,0.046
Turkeys,Conditions,Abnormal Colour/Fevered,2020-08,England,723,826501,8,0.087
Turkeys,Conditions,Abnormal Colour/Fevered,2020-09,England,369,665177,8,0.055
Turkeys,Conditions,Abnormal Colour/Fevered,2020-07,Wales,9,10524,1,0.086
Turkeys,Conditions,Abnormal Colour/Fevered,2020-08,Wales,4,18717,1,0.021
Turkeys,Conditions,Abnormal Colour/Fevered,2020-09,Wales,6,5838,1,0.103
Turkeys,Conditions,Ascites/Oedema,2020-07,England,139,1282872,10,0.011
Turkeys,Conditions,Ascites/Oedema,2020-08,England,43,826501,8,0.005
Turkeys,Conditions,Ascites/Oedema,2020-09,England,376,665177,8,0.057
Turkeys,Conditions,Ascites/Oedema,2020-07,Wales,11,10524,1,0.105
Turkeys,Conditions,Ascites/Oedema,2020-08,Wales,17,18717,1,0.091
Turkeys,Conditions,Ascites/Oedema,2020-09,Wales,6,5838,1,0.103
Turkeys,Conditions,Bruising/Fractures,2020-07,England,135,1282872,10,0.011
Turkeys,Conditions,Bruising/Fractures,2020-07,England,9074,1282872,10,0.707
Turkeys,Conditions,Bruising/Fractures,2020-08,England,336,826501,8,0.041
Turkeys,Conditions,Bruising/Fractures,2020-08,England,7493,826501,8,0.907
Turkeys,Conditions,Bruising/Fractures,2020-09,England,29,665177,8,0.004
Turkeys,Conditions,Bruising/Fractures,2020-09,England,5700,665177,8,0.857
Turkeys,Conditions,Bruising/Fractures,2020-07,Wales,10,10524,1,0.095
Turkeys,Conditions,Bruising/Fractures,2020-08,Wales,37,18717,1,0.198
Turkeys,Conditions,Bruising/Fractures,2020-09,Wales,40,5838,1,0.685
Turkeys,Conditions,Cellulitis,2020-07,England,7,1282872,10,0.001
Turkeys,Conditions,Cellulitis,2020-07,England,472,1282872,10,0.037
Turkeys,Conditions,Cellulitis,2020-08,England,513,826501,8,0.062
Turkeys,Conditions,Cellulitis,2020-09,England,212,665177,8,0.032
Turkeys,Conditions,Cellulitis,2020-07,Wales,5,10524,1,0.048
Turkeys,Conditions,Cellulitis,2020-08,Wales,2,18717,1,0.011
Turkeys,Conditions,Cellulitis,2020-09,Wales,14,5838,1,0.24
Turkeys,Conditions,Contamination,2020-07,England,41,1282872,10,0.003
Turkeys,Conditions,Contamination,2020-07,England,23,1282872,10,0.002
Turkeys,Conditions,Contamination,2020-08,England,74,826501,8,0.009
Turkeys,Conditions,Contamination,2020-08,England,4,826501,8,0
Turkeys,Conditions,Contamination,2020-09,England,29,665177,8,0.004
Turkeys,Conditions,Contamination,2020-07,Wales,139,10524,1,1.321
Turkeys,Conditions,Contamination,2020-08,Wales,157,18717,1,0.839
Turkeys,Conditions,Contamination,2020-09,Wales,46,5838,1,0.788
Turkeys,Conditions,Contamination,2020-09,Wales,1,5838,1,0.017
Turkeys,Conditions,Dead on Arrival/Death in the Lairage (DOA),2020-07,England,396,1282872,10,0.031
Turkeys,Conditions,Dead on Arrival/Death in the Lairage (DOA),2020-08,England,438,826501,8,0.053
Turkeys,Conditions,Dead on Arrival/Death in the Lairage (DOA),2020-09,England,349,665177,8,0.052
Turkeys,Conditions,Death other than slaughter (uncut/badly bled),2020-07,England,30,1282872,10,0.002
Turkeys,Conditions,Death other than slaughter (uncut/badly bled),2020-08,England,34,826501,8,0.004
Turkeys,Conditions,Death other than slaughter (uncut/badly bled),2020-09,England,12,665177,8,0.002
Turkeys,Conditions,Dermatitis,2020-07,England,281,1282872,10,0.022
Turkeys,Conditions,Dermatitis,2020-07,England,23,1282872,10,0.002
Turkeys,Conditions,Dermatitis,2020-08,England,546,826501,8,0.066
Turkeys,Conditions,Dermatitis,2020-08,England,4,826501,8,0
Turkeys,Conditions,Dermatitis,2020-09,England,146,665177,8,0.022
Turkeys,Conditions,Dermatitis,2020-09,Wales,4,5838,1,0.069
Turkeys,Conditions,Emaciation,2020-07,England,241,1282872,10,0.019
Turkeys,Conditions,Emaciation,2020-08,England,253,826501,8,0.031
Turkeys,Conditions,Emaciation,2020-09,England,113,665177,8,0.017
Turkeys,Conditions,Emaciation,2020-07,Wales,2,10524,1,0.019
Turkeys,Conditions,Emaciation,2020-08,Wales,4,18717,1,0.021
Turkeys,Conditions,Emaciation,2020-09,Wales,6,5838,1,0.103
Turkeys,Conditions,Hepatitis,2020-07,England,82,1282872,10,0.006
Turkeys,Conditions,Hepatitis,2020-07,England,1084,1282872,10,0.084
Turkeys,Conditions,Hepatitis,2020-08,England,101,826501,8,0.012
Turkeys,Conditions,Hepatitis,2020-08,England,936,826501,8,0.113
Turkeys,Conditions,Hepatitis,2020-09,England,589,665177,8,0.089
Turkeys,Conditions,Hepatitis,2020-09,England,64,665177,8,0.01
Turkeys,Conditions,Hepatitis,2020-07,Wales,225,10524,1,2.138
Turkeys,Conditions,Hepatitis,2020-08,Wales,290,18717,1,1.549
Turkeys,Conditions,Hepatitis,2020-09,Wales,84,5838,1,1.439
Turkeys,Conditions,Joint Lesions,2020-07,England,20,1282872,10,0.002
Turkeys,Conditions,Joint Lesions,2020-07,England,46,1282872,10,0.004
Turkeys,Conditions,Joint Lesions,2020-08,England,27,826501,8,0.003
Turkeys,Conditions,Joint Lesions,2020-08,England,2,826501,8,0
Turkeys,Conditions,Joint Lesions,2020-09,England,24,665177,8,0.004
Turkeys,Conditions,Joint Lesions,2020-07,Wales,1,10524,1,0.01
Turkeys,Conditions,Joint Lesions,2020-09,Wales,10,5838,1,0.171
Turkeys,Conditions,Machine Damage,2020-07,England,28,1282872,10,0.002
Turkeys,Conditions,Machine Damage,2020-08,England,235,826501,8,0.028
Turkeys,Conditions,Machine Damage,2020-08,England,63,826501,8,0.008
Turkeys,Conditions,Machine Damage,2020-09,England,11,665177,8,0.002
Turkeys,Conditions,Machine Damage,2020-09,England,76,665177,8,0.011
Turkeys,Conditions,Machine Damage,2020-07,Wales,2,10524,1,0.019
Turkeys,Conditions,Machine Damage,2020-07,Wales,6,10524,1,0.057
Turkeys,Conditions,Machine Damage,2020-08,Wales,1,18717,1,0.005
Turkeys,Conditions,Machine Damage,2020-09,Wales,11,5838,1,0.188
Turkeys,Conditions,"Other Factory (poor plucking, product requirement)",2020-07,England,11,1282872,10,0.001
Turkeys,Conditions,"Other Factory (poor plucking, product requirement)",2020-07,England,29,1282872,10,0.002
Turkeys,Conditions,"Other Factory (poor plucking, product requirement)",2020-08,England,20,826501,8,0.002
Turkeys,Conditions,"Other Factory (poor plucking, product requirement)",2020-09,England,10,665177,8,0.002
Turkeys,Conditions,"Other Farm (Jaundice, Oregon, White Muscle,Congen)",2020-07,England,319,1282872,10,0.025
Turkeys,Conditions,"Other Farm (Jaundice, Oregon, White Muscle,Congen)",2020-08,England,11,826501,8,0.001
Turkeys,Conditions,"Other Farm (Jaundice, Oregon, White Muscle,Congen)",2020-09,England,21,665177,8,0.003
Turkeys,Conditions,Overscald,2020-07,England,130,1282872,10,0.01
Turkeys,Conditions,Overscald,2020-08,England,1003,826501,8,0.121
Turkeys,Conditions,Overscald,2020-09,England,10,665177,8,0.002
Turkeys,Conditions,Overscald,2020-09,England,112,665177,8,0.017
Turkeys,Conditions,Pericarditis,2020-07,England,187,1282872,10,0.015
Turkeys,Conditions,Pericarditis,2020-07,England,2090,1282872,10,0.163
Turkeys,Conditions,Pericarditis,2020-08,England,2249,826501,8,0.272
Turkeys,Conditions,Pericarditis,2020-08,England,109,826501,8,0.013
Turkeys,Conditions,Pericarditis,2020-09,England,129,665177,8,0.019
Turkeys,Conditions,Pericarditis,2020-09,England,1236,665177,8,0.186
Turkeys,Conditions,Pericarditis,2020-07,Wales,369,10524,1,3.506
Turkeys,Conditions,Pericarditis,2020-08,Wales,275,18717,1,1.469
Turkeys,Conditions,Pericarditis,2020-09,Wales,255,5838,1,4.368
Turkeys,Conditions,Perihepatitis/Peritonitis,2020-07,England,650,1282872,10,0.051
Turkeys,Conditions,Perihepatitis/Peritonitis,2020-07,England,3,1282872,10,0
Turkeys,Conditions,Perihepatitis/Peritonitis,2020-08,England,556,826501,8,0.067
Turkeys,Conditions,Perihepatitis/Peritonitis,2020-09,England,308,665177,8,0.046
Turkeys,Conditions,Perihepatitis/Peritonitis,2020-08,Wales,17,18717,1,0.091
Turkeys,Conditions,Perihepatitis/Peritonitis,2020-09,Wales,1,5838,1,0.017
Turkeys,Conditions,Respiratory Disease (air sacculitis),2020-07,England,160,1282872,10,0.012
Turkeys,Conditions,Respiratory Disease (air sacculitis),2020-08,England,277,826501,8,0.034
Turkeys,Conditions,Respiratory Disease (air sacculitis),2020-09,England,106,665177,8,0.016
Turkeys,Conditions,Respiratory Disease (air sacculitis),2020-09,Wales,1,5838,1,0.017
Turkeys,Conditions,Salpingitis,2020-07,England,46,1282872,10,0.004
Turkeys,Conditions,Salpingitis,2020-08,England,90,826501,8,0.011
Turkeys,Conditions,Salpingitis,2020-09,England,67,665177,8,0.01
Turkeys,Conditions,Salpingitis,2020-07,Wales,24,10524,1,0.228
Turkeys,Conditions,Salpingitis,2020-08,Wales,44,18717,1,0.235
Turkeys,Conditions,Salpingitis,2020-09,Wales,15,5838,1,0.257
Turkeys,Conditions,Tumours/Nodules,2020-07,England,21,1282872,10,0.002
Turkeys,Conditions,Tumours/Nodules,2020-08,Wales,1,18717,1,0.005
Turkeys,Conditions,Tumours/Nodules,2020-09,Wales,1,5838,1,0.017
