Species,InspectionType,Condition,YearMonth,Country,NumberOfConditions,Throughput,NumberOfThroughputPlants,PercentageOfThroughput
Broilers,Conditions,Abnormal Colour/Fevered,2017-10,England,194238,73157628,51,0.266
Broilers,Conditions,Abnormal Colour/Fevered,2017-11,England,193666,71915861,54,0.269
Broilers,Conditions,Abnormal Colour/Fevered,2017-12,England,197207,64746680,52,0.305
Broilers,Conditions,Abnormal Colour/Fevered,2017-10,Wales,9503,5281944,2,0.18
Broilers,Conditions,Abnormal Colour/Fevered,2017-11,Wales,12190,5333759,3,0.229
Broilers,Conditions,Abnormal Colour/Fevered,2017-12,Wales,14403,5157382,3,0.279
Broilers,Conditions,Antemortem Rejects (Cull/Runts),2017-10,England,30451,73157628,51,0.042
Broilers,Conditions,Antemortem Rejects (Cull/Runts),2017-11,England,39650,71915861,54,0.055
Broilers,Conditions,Antemortem Rejects (Cull/Runts),2017-12,England,35028,64746680,52,0.054
Broilers,Conditions,Antemortem Rejects (Cull/Runts),2017-10,Wales,210,5281944,2,0.004
Broilers,Conditions,Antemortem Rejects (Cull/Runts),2017-11,Wales,701,5333759,3,0.013
Broilers,Conditions,Antemortem Rejects (Cull/Runts),2017-12,Wales,547,5157382,3,0.011
Broilers,Conditions,Ascites/Oedema,2017-10,England,213412,73157628,51,0.292
Broilers,Conditions,Ascites/Oedema,2017-11,England,224655,71915861,54,0.312
Broilers,Conditions,Ascites/Oedema,2017-12,England,231615,64746680,52,0.358
Broilers,Conditions,Ascites/Oedema,2017-10,Wales,31897,5281944,2,0.604
Broilers,Conditions,Ascites/Oedema,2017-11,Wales,31508,5333759,3,0.591
Broilers,Conditions,Ascites/Oedema,2017-12,Wales,40819,5157382,3,0.791
Broilers,Conditions,Bruising/Fractures,2017-10,England,22244,73157628,51,0.03
Broilers,Conditions,Bruising/Fractures,2017-11,England,22065,71915861,54,0.031
Broilers,Conditions,Bruising/Fractures,2017-12,England,21387,64746680,52,0.033
Broilers,Conditions,Bruising/Fractures,2017-10,Wales,4328,5281944,2,0.082
Broilers,Conditions,Bruising/Fractures,2017-11,Wales,4661,5333759,3,0.087
Broilers,Conditions,Bruising/Fractures,2017-12,Wales,4885,5157382,3,0.095
Broilers,Conditions,Cellulitis,2017-10,England,154423,73157628,51,0.211
Broilers,Conditions,Cellulitis,2017-11,England,157379,71915861,54,0.219
Broilers,Conditions,Cellulitis,2017-12,England,138661,64746680,52,0.214
Broilers,Conditions,Cellulitis,2017-10,Wales,8762,5281944,2,0.166
Broilers,Conditions,Cellulitis,2017-11,Wales,9479,5333759,3,0.178
Broilers,Conditions,Cellulitis,2017-12,Wales,10010,5157382,3,0.194
Broilers,Conditions,Contamination,2017-10,England,125599,73157628,51,0.172
Broilers,Conditions,Contamination,2017-11,England,134573,71915861,54,0.187
Broilers,Conditions,Contamination,2017-12,England,124106,64746680,52,0.192
Broilers,Conditions,Contamination,2017-10,Wales,4427,5281944,2,0.084
Broilers,Conditions,Contamination,2017-11,Wales,4861,5333759,3,0.091
Broilers,Conditions,Contamination,2017-12,Wales,5235,5157382,3,0.102
Broilers,Conditions,Dead on Arrival/Death in the Lairage (DOA),2017-10,England,75015,73157628,51,0.103
Broilers,Conditions,Dead on Arrival/Death in the Lairage (DOA),2017-11,England,78333,71915861,54,0.109
Broilers,Conditions,Dead on Arrival/Death in the Lairage (DOA),2017-12,England,82954,64746680,52,0.128
Broilers,Conditions,Dead on Arrival/Death in the Lairage (DOA),2017-10,Wales,5068,5281944,2,0.096
Broilers,Conditions,Dead on Arrival/Death in the Lairage (DOA),2017-11,Wales,5667,5333759,3,0.106
Broilers,Conditions,Dead on Arrival/Death in the Lairage (DOA),2017-12,Wales,6048,5157382,3,0.117
Broilers,Conditions,Death other than slaughter (uncut/badly bled),2017-10,England,20770,73157628,51,0.028
Broilers,Conditions,Death other than slaughter (uncut/badly bled),2017-11,England,20068,71915861,54,0.028
Broilers,Conditions,Death other than slaughter (uncut/badly bled),2017-12,England,18850,64746680,52,0.029
Broilers,Conditions,Death other than slaughter (uncut/badly bled),2017-10,Wales,1264,5281944,2,0.024
Broilers,Conditions,Death other than slaughter (uncut/badly bled),2017-11,Wales,2338,5333759,3,0.044
Broilers,Conditions,Death other than slaughter (uncut/badly bled),2017-12,Wales,3543,5157382,3,0.069
Broilers,Conditions,Dermatitis,2017-10,England,11006,73157628,51,0.015
Broilers,Conditions,Dermatitis,2017-11,England,11280,71915861,54,0.016
Broilers,Conditions,Dermatitis,2017-12,England,11721,64746680,52,0.018
Broilers,Conditions,Dermatitis,2017-10,Wales,1871,5281944,2,0.035
Broilers,Conditions,Dermatitis,2017-11,Wales,1980,5333759,3,0.037
Broilers,Conditions,Dermatitis,2017-12,Wales,2407,5157382,3,0.047
Broilers,Conditions,Emaciation,2017-10,England,17702,73157628,51,0.024
Broilers,Conditions,Emaciation,2017-11,England,17730,71915861,54,0.025
Broilers,Conditions,Emaciation,2017-12,England,19853,64746680,52,0.031
Broilers,Conditions,Emaciation,2017-10,Wales,103,5281944,2,0.002
Broilers,Conditions,Emaciation,2017-11,Wales,254,5333759,3,0.005
Broilers,Conditions,Emaciation,2017-12,Wales,323,5157382,3,0.006
Broilers,Conditions,Hepatitis,2017-10,England,122944,73157628,51,0.168
Broilers,Conditions,Hepatitis,2017-11,England,135312,71915861,54,0.188
Broilers,Conditions,Hepatitis,2017-12,England,97680,64746680,52,0.151
Broilers,Conditions,Hepatitis,2017-10,Wales,7252,5281944,2,0.137
Broilers,Conditions,Hepatitis,2017-11,Wales,8786,5333759,3,0.165
Broilers,Conditions,Hepatitis,2017-12,Wales,9893,5157382,3,0.192
Broilers,Conditions,Joint Lesions,2017-10,England,31947,73157628,51,0.044
Broilers,Conditions,Joint Lesions,2017-11,England,28708,71915861,54,0.04
Broilers,Conditions,Joint Lesions,2017-12,England,30679,64746680,52,0.047
Broilers,Conditions,Joint Lesions,2017-10,Wales,3403,5281944,2,0.064
Broilers,Conditions,Joint Lesions,2017-11,Wales,2345,5333759,3,0.044
Broilers,Conditions,Joint Lesions,2017-12,Wales,2115,5157382,3,0.041
Broilers,Conditions,Machine Damage,2017-10,England,141979,73157628,51,0.194
Broilers,Conditions,Machine Damage,2017-11,England,147785,71915861,54,0.205
Broilers,Conditions,Machine Damage,2017-12,England,118060,64746680,52,0.182
Broilers,Conditions,Machine Damage,2017-10,Wales,1265,5281944,2,0.024
Broilers,Conditions,Machine Damage,2017-11,Wales,1837,5333759,3,0.034
Broilers,Conditions,Machine Damage,2017-12,Wales,1768,5157382,3,0.034
Broilers,Conditions,"Other Factory (poor plucking, product requirement)",2017-10,England,71753,73157628,51,0.098
Broilers,Conditions,"Other Factory (poor plucking, product requirement)",2017-11,England,47595,71915861,54,0.066
Broilers,Conditions,"Other Factory (poor plucking, product requirement)",2017-12,England,37954,64746680,52,0.059
Broilers,Conditions,"Other Factory (poor plucking, product requirement)",2017-10,Wales,1316,5281944,2,0.025
Broilers,Conditions,"Other Factory (poor plucking, product requirement)",2017-11,Wales,2281,5333759,3,0.043
Broilers,Conditions,"Other Factory (poor plucking, product requirement)",2017-12,Wales,3686,5157382,3,0.071
Broilers,Conditions,"Other Farm (Jaundice, Oregon, White Muscle,Congen)",2017-10,England,46793,73157628,51,0.064
Broilers,Conditions,"Other Farm (Jaundice, Oregon, White Muscle,Congen)",2017-11,England,42459,71915861,54,0.059
Broilers,Conditions,"Other Farm (Jaundice, Oregon, White Muscle,Congen)",2017-12,England,37825,64746680,52,0.058
Broilers,Conditions,"Other Farm (Jaundice, Oregon, White Muscle,Congen)",2017-10,Wales,1991,5281944,2,0.038
Broilers,Conditions,"Other Farm (Jaundice, Oregon, White Muscle,Congen)",2017-11,Wales,2033,5333759,3,0.038
Broilers,Conditions,"Other Farm (Jaundice, Oregon, White Muscle,Congen)",2017-12,Wales,3279,5157382,3,0.064
Broilers,Conditions,Overscald,2017-10,England,58483,73157628,51,0.08
Broilers,Conditions,Overscald,2017-11,England,56623,71915861,54,0.079
Broilers,Conditions,Overscald,2017-12,England,52837,64746680,52,0.082
Broilers,Conditions,Overscald,2017-10,Wales,5209,5281944,2,0.099
Broilers,Conditions,Overscald,2017-11,Wales,6127,5333759,3,0.115
Broilers,Conditions,Overscald,2017-12,Wales,9406,5157382,3,0.182
Broilers,Conditions,Pericarditis,2017-10,England,59697,73157628,51,0.082
Broilers,Conditions,Pericarditis,2017-11,England,65086,71915861,54,0.091
Broilers,Conditions,Pericarditis,2017-12,England,54112,64746680,52,0.084
Broilers,Conditions,Pericarditis,2017-10,Wales,2830,5281944,2,0.054
Broilers,Conditions,Pericarditis,2017-11,Wales,3200,5333759,3,0.06
Broilers,Conditions,Pericarditis,2017-12,Wales,6880,5157382,3,0.133
Broilers,Conditions,Perihepatitis/Peritonitis,2017-10,England,61283,73157628,51,0.084
Broilers,Conditions,Perihepatitis/Peritonitis,2017-11,England,71186,71915861,54,0.099
Broilers,Conditions,Perihepatitis/Peritonitis,2017-12,England,68520,64746680,52,0.106
Broilers,Conditions,Perihepatitis/Peritonitis,2017-10,Wales,9790,5281944,2,0.185
Broilers,Conditions,Perihepatitis/Peritonitis,2017-11,Wales,13141,5333759,3,0.246
Broilers,Conditions,Perihepatitis/Peritonitis,2017-12,Wales,11428,5157382,3,0.222
Broilers,Conditions,Respiratory Disease (air sacculitis),2017-10,England,1589,73157628,51,0.002
Broilers,Conditions,Respiratory Disease (air sacculitis),2017-11,England,1676,71915861,54,0.002
Broilers,Conditions,Respiratory Disease (air sacculitis),2017-12,England,3708,64746680,52,0.006
Broilers,Conditions,Respiratory Disease (air sacculitis),2017-10,Wales,37,5281944,2,0.001
Broilers,Conditions,Respiratory Disease (air sacculitis),2017-11,Wales,84,5333759,3,0.002
Broilers,Conditions,Respiratory Disease (air sacculitis),2017-12,Wales,10,5157382,3,0
Broilers,Conditions,Salpingitis,2017-10,England,319,73157628,51,0
Broilers,Conditions,Salpingitis,2017-11,England,502,71915861,54,0.001
Broilers,Conditions,Salpingitis,2017-12,England,303,64746680,52,0
Broilers,Conditions,Salpingitis,2017-12,Wales,3,5157382,3,0
Broilers,Conditions,Tumours/Nodules,2017-10,England,10880,73157628,51,0.015
Broilers,Conditions,Tumours/Nodules,2017-11,England,10286,71915861,54,0.014
Broilers,Conditions,Tumours/Nodules,2017-12,England,9643,64746680,52,0.015
Broilers,Conditions,Tumours/Nodules,2017-10,Wales,1,5281944,2,0
Broilers,Conditions,Tumours/Nodules,2017-11,Wales,77,5333759,3,0.001
Broilers,Conditions,Tumours/Nodules,2017-12,Wales,189,5157382,3,0.004
Ducks,Conditions,Abnormal Colour/Fevered,2017-10,England,1046,1175656,10,0.089
Ducks,Conditions,Abnormal Colour/Fevered,2017-11,England,767,1097189,12,0.07
Ducks,Conditions,Abnormal Colour/Fevered,2017-12,England,778,1308950,11,0.059
Ducks,Conditions,Antemortem Rejects (Cull/Runts),2017-10,England,40,1175656,10,0.003
Ducks,Conditions,Antemortem Rejects (Cull/Runts),2017-11,England,19,1097189,12,0.002
Ducks,Conditions,Antemortem Rejects (Cull/Runts),2017-12,England,14,1308950,11,0.001
Ducks,Conditions,Ascites/Oedema,2017-10,England,5735,1175656,10,0.488
Ducks,Conditions,Ascites/Oedema,2017-11,England,6924,1097189,12,0.631
Ducks,Conditions,Ascites/Oedema,2017-12,England,6143,1308950,11,0.469
Ducks,Conditions,Bruising/Fractures,2017-10,England,434,1175656,10,0.037
Ducks,Conditions,Bruising/Fractures,2017-11,England,2119,1097189,12,0.193
Ducks,Conditions,Bruising/Fractures,2017-12,England,1751,1308950,11,0.134
Ducks,Conditions,Cellulitis,2017-10,England,5,1175656,10,0
Ducks,Conditions,Cellulitis,2017-11,England,7,1097189,12,0.001
Ducks,Conditions,Cellulitis,2017-12,England,21,1308950,11,0.002
Ducks,Conditions,Contamination,2017-10,England,259,1175656,10,0.022
Ducks,Conditions,Contamination,2017-11,England,147,1097189,12,0.013
Ducks,Conditions,Contamination,2017-12,England,385,1308950,11,0.029
Ducks,Conditions,Dead on Arrival/Death in the Lairage (DOA),2017-10,England,659,1175656,10,0.056
Ducks,Conditions,Dead on Arrival/Death in the Lairage (DOA),2017-11,England,458,1097189,12,0.042
Ducks,Conditions,Dead on Arrival/Death in the Lairage (DOA),2017-12,England,545,1308950,11,0.042
Ducks,Conditions,Death other than slaughter (uncut/badly bled),2017-10,England,1,1175656,10,0
Ducks,Conditions,Death other than slaughter (uncut/badly bled),2017-11,England,2,1097189,12,0
Ducks,Conditions,Death other than slaughter (uncut/badly bled),2017-12,England,4,1308950,11,0
Ducks,Conditions,Dermatitis,2017-10,England,3596,1175656,10,0.306
Ducks,Conditions,Dermatitis,2017-11,England,8628,1097189,12,0.786
Ducks,Conditions,Dermatitis,2017-12,England,3872,1308950,11,0.296
Ducks,Conditions,Emaciation,2017-10,England,1275,1175656,10,0.108
Ducks,Conditions,Emaciation,2017-11,England,1094,1097189,12,0.1
Ducks,Conditions,Emaciation,2017-12,England,1485,1308950,11,0.113
Ducks,Conditions,Hepatitis,2017-10,England,105,1175656,10,0.009
Ducks,Conditions,Hepatitis,2017-11,England,168,1097189,12,0.015
Ducks,Conditions,Hepatitis,2017-12,England,142,1308950,11,0.011
Ducks,Conditions,Joint Lesions,2017-10,England,887,1175656,10,0.075
Ducks,Conditions,Joint Lesions,2017-11,England,1361,1097189,12,0.124
Ducks,Conditions,Joint Lesions,2017-12,England,621,1308950,11,0.047
Ducks,Conditions,Machine Damage,2017-10,England,231,1175656,10,0.02
Ducks,Conditions,Machine Damage,2017-11,England,1308,1097189,12,0.119
Ducks,Conditions,Machine Damage,2017-12,England,1252,1308950,11,0.096
Ducks,Conditions,"Other Factory (poor plucking, product requirement)",2017-10,England,1206,1175656,10,0.103
Ducks,Conditions,"Other Factory (poor plucking, product requirement)",2017-12,England,1,1308950,11,0
Ducks,Conditions,"Other Farm (Jaundice, Oregon, White Muscle,Congen)",2017-10,England,28,1175656,10,0.002
Ducks,Conditions,"Other Farm (Jaundice, Oregon, White Muscle,Congen)",2017-11,England,212,1097189,12,0.019
Ducks,Conditions,"Other Farm (Jaundice, Oregon, White Muscle,Congen)",2017-12,England,19,1308950,11,0.001
Ducks,Conditions,Overscald,2017-10,England,23,1175656,10,0.002
Ducks,Conditions,Overscald,2017-12,England,273,1308950,11,0.021
Ducks,Conditions,Pericarditis,2017-10,England,7441,1175656,10,0.633
Ducks,Conditions,Pericarditis,2017-11,England,7768,1097189,12,0.708
Ducks,Conditions,Pericarditis,2017-12,England,3889,1308950,11,0.297
Ducks,Conditions,Perihepatitis/Peritonitis,2017-10,England,89,1175656,10,0.008
Ducks,Conditions,Perihepatitis/Peritonitis,2017-11,England,305,1097189,12,0.028
Ducks,Conditions,Perihepatitis/Peritonitis,2017-12,England,216,1308950,11,0.017
Ducks,Conditions,Respiratory Disease (air sacculitis),2017-10,England,21749,1175656,10,1.85
Ducks,Conditions,Respiratory Disease (air sacculitis),2017-11,England,17341,1097189,12,1.58
Ducks,Conditions,Respiratory Disease (air sacculitis),2017-12,England,18802,1308950,11,1.436
Ducks,Conditions,Salpingitis,2017-10,England,4,1175656,10,0
Ducks,Conditions,Salpingitis,2017-11,England,4,1097189,12,0
Ducks,Conditions,Salpingitis,2017-12,England,8,1308950,11,0.001
Ducks,Conditions,Tumours/Nodules,2017-10,England,288,1175656,10,0.024
Ducks,Conditions,Tumours/Nodules,2017-11,England,246,1097189,12,0.022
Ducks,Conditions,Tumours/Nodules,2017-12,England,519,1308950,11,0.04
Geese,Conditions,Abnormal Colour/Fevered,2017-11,England,15,41047,5,0.037
Geese,Conditions,Abnormal Colour/Fevered,2017-12,England,17,34088,9,0.05
Geese,Conditions,Antemortem Rejects (Cull/Runts),2017-12,England,1,34088,9,0.003
Geese,Conditions,Ascites/Oedema,2017-11,England,9,41047,5,0.022
Geese,Conditions,Ascites/Oedema,2017-12,England,4,34088,9,0.012
Geese,Conditions,Bruising/Fractures,2017-11,England,39,41047,5,0.095
Geese,Conditions,Bruising/Fractures,2017-12,England,40,34088,9,0.117
Geese,Conditions,Cellulitis,2017-12,England,1,34088,9,0.003
Geese,Conditions,Contamination,2017-11,England,4,41047,5,0.01
Geese,Conditions,Contamination,2017-12,England,10,34088,9,0.029
Geese,Conditions,Dead on Arrival/Death in the Lairage (DOA),2017-11,England,1,41047,5,0.002
Geese,Conditions,Dead on Arrival/Death in the Lairage (DOA),2017-12,England,10,34088,9,0.029
Geese,Conditions,Death other than slaughter (uncut/badly bled),2017-12,England,1,34088,9,0.003
Geese,Conditions,Dermatitis,2017-11,England,1,41047,5,0.002
Geese,Conditions,Dermatitis,2017-12,England,5,34088,9,0.015
Geese,Conditions,Emaciation,2017-10,England,1,333,3,0.3
Geese,Conditions,Emaciation,2017-11,England,15,41047,5,0.037
Geese,Conditions,Emaciation,2017-12,England,32,34088,9,0.094
Geese,Conditions,Hepatitis,2017-11,England,17,41047,5,0.041
Geese,Conditions,Hepatitis,2017-12,England,51,34088,9,0.15
Geese,Conditions,Joint Lesions,2017-11,England,4,41047,5,0.01
Geese,Conditions,Machine Damage,2017-11,England,3,41047,5,0.007
Geese,Conditions,Machine Damage,2017-12,England,5,34088,9,0.015
Geese,Conditions,"Other Factory (poor plucking, product requirement)",2017-11,England,2,41047,5,0.005
Geese,Conditions,"Other Farm (Jaundice, Oregon, White Muscle,Congen)",2017-12,England,4,34088,9,0.012
Geese,Conditions,Pericarditis,2017-11,England,17,41047,5,0.041
Geese,Conditions,Pericarditis,2017-12,England,41,34088,9,0.12
Geese,Conditions,Perihepatitis/Peritonitis,2017-11,England,1,41047,5,0.002
Geese,Conditions,Perihepatitis/Peritonitis,2017-12,England,10,34088,9,0.029
Geese,Conditions,Respiratory Disease (air sacculitis),2017-11,England,18,41047,5,0.044
Geese,Conditions,Respiratory Disease (air sacculitis),2017-12,England,9,34088,9,0.026
Geese,Conditions,Salpingitis,2017-11,England,50,41047,5,0.122
Geese,Conditions,Salpingitis,2017-12,England,65,34088,9,0.191
Geese,Conditions,Tumours/Nodules,2017-11,England,7,41047,5,0.017
Geese,Conditions,Tumours/Nodules,2017-12,England,16,34088,9,0.047
Hens,Conditions,Abnormal Colour/Fevered,2017-10,England,8494,2999261,16,0.283
Hens,Conditions,Abnormal Colour/Fevered,2017-11,England,8905,2790258,15,0.319
Hens,Conditions,Abnormal Colour/Fevered,2017-12,England,8054,3001800,15,0.268
Hens,Conditions,Antemortem Rejects (Cull/Runts),2017-10,England,69,2999261,16,0.002
Hens,Conditions,Antemortem Rejects (Cull/Runts),2017-11,England,34,2790258,15,0.001
Hens,Conditions,Antemortem Rejects (Cull/Runts),2017-12,England,17,3001800,15,0.001
Hens,Conditions,Ascites/Oedema,2017-10,England,3395,2999261,16,0.113
Hens,Conditions,Ascites/Oedema,2017-11,England,2622,2790258,15,0.094
Hens,Conditions,Ascites/Oedema,2017-12,England,2641,3001800,15,0.088
Hens,Conditions,Bruising/Fractures,2017-10,England,2606,2999261,16,0.087
Hens,Conditions,Bruising/Fractures,2017-11,England,2286,2790258,15,0.082
Hens,Conditions,Bruising/Fractures,2017-12,England,3727,3001800,15,0.124
Hens,Conditions,Cellulitis,2017-10,England,305,2999261,16,0.01
Hens,Conditions,Cellulitis,2017-11,England,169,2790258,15,0.006
Hens,Conditions,Cellulitis,2017-12,England,334,3001800,15,0.011
Hens,Conditions,Contamination,2017-10,England,887,2999261,16,0.03
Hens,Conditions,Contamination,2017-11,England,791,2790258,15,0.028
Hens,Conditions,Contamination,2017-12,England,981,3001800,15,0.033
Hens,Conditions,Dead on Arrival/Death in the Lairage (DOA),2017-10,England,4208,2999261,16,0.14
Hens,Conditions,Dead on Arrival/Death in the Lairage (DOA),2017-11,England,4769,2790258,15,0.171
Hens,Conditions,Dead on Arrival/Death in the Lairage (DOA),2017-12,England,6029,3001800,15,0.201
Hens,Conditions,Death other than slaughter (uncut/badly bled),2017-10,England,262,2999261,16,0.009
Hens,Conditions,Death other than slaughter (uncut/badly bled),2017-11,England,68,2790258,15,0.002
Hens,Conditions,Death other than slaughter (uncut/badly bled),2017-12,England,116,3001800,15,0.004
Hens,Conditions,Dermatitis,2017-10,England,1769,2999261,16,0.059
Hens,Conditions,Dermatitis,2017-11,England,1520,2790258,15,0.054
Hens,Conditions,Dermatitis,2017-12,England,1771,3001800,15,0.059
Hens,Conditions,Emaciation,2017-10,England,5497,2999261,16,0.183
Hens,Conditions,Emaciation,2017-11,England,4531,2790258,15,0.162
Hens,Conditions,Emaciation,2017-12,England,4712,3001800,15,0.157
Hens,Conditions,Hepatitis,2017-10,England,2697,2999261,16,0.09
Hens,Conditions,Hepatitis,2017-11,England,2379,2790258,15,0.085
Hens,Conditions,Hepatitis,2017-12,England,876,3001800,15,0.029
Hens,Conditions,Joint Lesions,2017-10,England,33,2999261,16,0.001
Hens,Conditions,Joint Lesions,2017-11,England,15,2790258,15,0.001
Hens,Conditions,Joint Lesions,2017-12,England,15,3001800,15,0
Hens,Conditions,Machine Damage,2017-10,England,2925,2999261,16,0.098
Hens,Conditions,Machine Damage,2017-11,England,4874,2790258,15,0.175
Hens,Conditions,Machine Damage,2017-12,England,2939,3001800,15,0.098
Hens,Conditions,"Other Factory (poor plucking, product requirement)",2017-10,England,605,2999261,16,0.02
Hens,Conditions,"Other Factory (poor plucking, product requirement)",2017-11,England,805,2790258,15,0.029
Hens,Conditions,"Other Factory (poor plucking, product requirement)",2017-12,England,863,3001800,15,0.029
Hens,Conditions,"Other Farm (Jaundice, Oregon, White Muscle,Congen)",2017-10,England,214,2999261,16,0.007
Hens,Conditions,"Other Farm (Jaundice, Oregon, White Muscle,Congen)",2017-11,England,186,2790258,15,0.007
Hens,Conditions,"Other Farm (Jaundice, Oregon, White Muscle,Congen)",2017-12,England,214,3001800,15,0.007
Hens,Conditions,Overscald,2017-10,England,315,2999261,16,0.011
Hens,Conditions,Overscald,2017-11,England,397,2790258,15,0.014
Hens,Conditions,Overscald,2017-12,England,740,3001800,15,0.025
Hens,Conditions,Pericarditis,2017-10,England,17,2999261,16,0.001
Hens,Conditions,Pericarditis,2017-11,England,51,2790258,15,0.002
Hens,Conditions,Pericarditis,2017-12,England,60,3001800,15,0.002
Hens,Conditions,Perihepatitis/Peritonitis,2017-10,England,9088,2999261,16,0.303
Hens,Conditions,Perihepatitis/Peritonitis,2017-11,England,9613,2790258,15,0.345
Hens,Conditions,Perihepatitis/Peritonitis,2017-12,England,15133,3001800,15,0.504
Hens,Conditions,Respiratory Disease (air sacculitis),2017-10,England,46,2999261,16,0.002
Hens,Conditions,Respiratory Disease (air sacculitis),2017-11,England,43,2790258,15,0.002
Hens,Conditions,Respiratory Disease (air sacculitis),2017-12,England,66,3001800,15,0.002
Hens,Conditions,Salpingitis,2017-10,England,7187,2999261,16,0.24
Hens,Conditions,Salpingitis,2017-11,England,6303,2790258,15,0.226
Hens,Conditions,Salpingitis,2017-12,England,7045,3001800,15,0.235
Hens,Conditions,Tumours/Nodules,2017-10,England,2129,2999261,16,0.071
Hens,Conditions,Tumours/Nodules,2017-11,England,1597,2790258,15,0.057
Hens,Conditions,Tumours/Nodules,2017-12,England,2081,3001800,15,0.069
Poultry,Conditions,Abnormal Colour/Fevered,2017-10,England,122,65550,10,0.186
Poultry,Conditions,Abnormal Colour/Fevered,2017-11,England,310,108978,13,0.284
Poultry,Conditions,Abnormal Colour/Fevered,2017-12,England,151,92550,15,0.163
Poultry,Conditions,Abnormal Colour/Fevered,2017-10,Wales,83,107970,2,0.077
Poultry,Conditions,Abnormal Colour/Fevered,2017-11,Wales,113,60986,2,0.185
Poultry,Conditions,Abnormal Colour/Fevered,2017-12,Wales,259,158944,3,0.163
Poultry,Conditions,Antemortem Rejects (Cull/Runts),2017-10,England,19,65550,10,0.029
Poultry,Conditions,Antemortem Rejects (Cull/Runts),2017-11,England,29,108978,13,0.027
Poultry,Conditions,Antemortem Rejects (Cull/Runts),2017-12,England,119,92550,15,0.129
Poultry,Conditions,Ascites/Oedema,2017-10,England,130,65550,10,0.198
Poultry,Conditions,Ascites/Oedema,2017-11,England,168,108978,13,0.154
Poultry,Conditions,Ascites/Oedema,2017-12,England,281,92550,15,0.304
Poultry,Conditions,Ascites/Oedema,2017-12,Wales,10,158944,3,0.006
Poultry,Conditions,Bruising/Fractures,2017-10,England,240,65550,10,0.366
Poultry,Conditions,Bruising/Fractures,2017-11,England,95,108978,13,0.087
Poultry,Conditions,Bruising/Fractures,2017-12,England,93,92550,15,0.1
Poultry,Conditions,Bruising/Fractures,2017-10,Wales,5,107970,2,0.005
Poultry,Conditions,Bruising/Fractures,2017-11,Wales,18,60986,2,0.03
Poultry,Conditions,Bruising/Fractures,2017-12,Wales,75,158944,3,0.047
Poultry,Conditions,Cellulitis,2017-10,England,23,65550,10,0.035
Poultry,Conditions,Cellulitis,2017-11,England,60,108978,13,0.055
Poultry,Conditions,Cellulitis,2017-12,England,46,92550,15,0.05
Poultry,Conditions,Cellulitis,2017-10,Wales,3,107970,2,0.003
Poultry,Conditions,Cellulitis,2017-11,Wales,1,60986,2,0.002
Poultry,Conditions,Cellulitis,2017-12,Wales,21,158944,3,0.013
Poultry,Conditions,Contamination,2017-10,England,29,65550,10,0.044
Poultry,Conditions,Contamination,2017-11,England,127,108978,13,0.117
Poultry,Conditions,Contamination,2017-12,England,221,92550,15,0.239
Poultry,Conditions,Contamination,2017-10,Wales,1,107970,2,0.001
Poultry,Conditions,Contamination,2017-11,Wales,6,60986,2,0.01
Poultry,Conditions,Contamination,2017-12,Wales,107,158944,3,0.067
Poultry,Conditions,Dead on Arrival/Death in the Lairage (DOA),2017-10,England,104,65550,10,0.159
Poultry,Conditions,Dead on Arrival/Death in the Lairage (DOA),2017-11,England,171,108978,13,0.157
Poultry,Conditions,Dead on Arrival/Death in the Lairage (DOA),2017-12,England,141,92550,15,0.152
Poultry,Conditions,Dead on Arrival/Death in the Lairage (DOA),2017-10,Wales,4,107970,2,0.004
Poultry,Conditions,Dead on Arrival/Death in the Lairage (DOA),2017-11,Wales,14,60986,2,0.023
Poultry,Conditions,Dead on Arrival/Death in the Lairage (DOA),2017-12,Wales,86,158944,3,0.054
Poultry,Conditions,Death other than slaughter (uncut/badly bled),2017-10,England,5,65550,10,0.008
Poultry,Conditions,Death other than slaughter (uncut/badly bled),2017-12,England,7,92550,15,0.008
Poultry,Conditions,Death other than slaughter (uncut/badly bled),2017-10,Wales,21,107970,2,0.019
Poultry,Conditions,Death other than slaughter (uncut/badly bled),2017-11,Wales,22,60986,2,0.036
Poultry,Conditions,Death other than slaughter (uncut/badly bled),2017-12,Wales,37,158944,3,0.023
Poultry,Conditions,Dermatitis,2017-10,England,9,65550,10,0.014
Poultry,Conditions,Dermatitis,2017-11,England,16,108978,13,0.015
Poultry,Conditions,Dermatitis,2017-12,England,102,92550,15,0.11
Poultry,Conditions,Dermatitis,2017-10,Wales,4,107970,2,0.004
Poultry,Conditions,Dermatitis,2017-11,Wales,2,60986,2,0.003
Poultry,Conditions,Dermatitis,2017-12,Wales,16,158944,3,0.01
Poultry,Conditions,Emaciation,2017-10,England,83,65550,10,0.127
Poultry,Conditions,Emaciation,2017-11,England,116,108978,13,0.106
Poultry,Conditions,Emaciation,2017-12,England,74,92550,15,0.08
Poultry,Conditions,Emaciation,2017-10,Wales,45,107970,2,0.042
Poultry,Conditions,Emaciation,2017-11,Wales,103,60986,2,0.169
Poultry,Conditions,Emaciation,2017-12,Wales,335,158944,3,0.211
Poultry,Conditions,Hepatitis,2017-10,England,39,65550,10,0.059
Poultry,Conditions,Hepatitis,2017-11,England,365,108978,13,0.335
Poultry,Conditions,Hepatitis,2017-12,England,197,92550,15,0.213
Poultry,Conditions,Hepatitis,2017-10,Wales,1,107970,2,0.001
Poultry,Conditions,Hepatitis,2017-11,Wales,139,60986,2,0.228
Poultry,Conditions,Hepatitis,2017-12,Wales,77,158944,3,0.048
Poultry,Conditions,Joint Lesions,2017-10,England,4,65550,10,0.006
Poultry,Conditions,Joint Lesions,2017-11,England,13,108978,13,0.012
Poultry,Conditions,Joint Lesions,2017-12,England,76,92550,15,0.082
Poultry,Conditions,Machine Damage,2017-10,England,31,65550,10,0.047
Poultry,Conditions,Machine Damage,2017-11,England,218,108978,13,0.2
Poultry,Conditions,Machine Damage,2017-12,England,303,92550,15,0.327
Poultry,Conditions,Machine Damage,2017-10,Wales,13,107970,2,0.012
Poultry,Conditions,Machine Damage,2017-11,Wales,57,60986,2,0.093
Poultry,Conditions,Machine Damage,2017-12,Wales,54,158944,3,0.034
Poultry,Conditions,"Other Factory (poor plucking, product requirement)",2017-10,England,4,65550,10,0.006
Poultry,Conditions,"Other Factory (poor plucking, product requirement)",2017-11,England,19,108978,13,0.017
Poultry,Conditions,"Other Factory (poor plucking, product requirement)",2017-12,England,20,92550,15,0.022
Poultry,Conditions,"Other Factory (poor plucking, product requirement)",2017-10,Wales,134,107970,2,0.124
Poultry,Conditions,"Other Factory (poor plucking, product requirement)",2017-11,Wales,18,60986,2,0.03
Poultry,Conditions,"Other Factory (poor plucking, product requirement)",2017-12,Wales,10,158944,3,0.006
Poultry,Conditions,"Other Farm (Jaundice, Oregon, White Muscle,Congen)",2017-10,England,20,65550,10,0.031
Poultry,Conditions,"Other Farm (Jaundice, Oregon, White Muscle,Congen)",2017-11,England,12,108978,13,0.011
Poultry,Conditions,"Other Farm (Jaundice, Oregon, White Muscle,Congen)",2017-12,England,19,92550,15,0.021
Poultry,Conditions,"Other Farm (Jaundice, Oregon, White Muscle,Congen)",2017-12,Wales,2,158944,3,0.001
Poultry,Conditions,Overscald,2017-10,England,48,65550,10,0.073
Poultry,Conditions,Overscald,2017-12,England,12,92550,15,0.013
Poultry,Conditions,Overscald,2017-10,Wales,8,107970,2,0.007
Poultry,Conditions,Overscald,2017-11,Wales,3,60986,2,0.005
Poultry,Conditions,Overscald,2017-12,Wales,4,158944,3,0.003
Poultry,Conditions,Pericarditis,2017-10,England,22,65550,10,0.034
Poultry,Conditions,Pericarditis,2017-11,England,68,108978,13,0.062
Poultry,Conditions,Pericarditis,2017-12,England,177,92550,15,0.191
Poultry,Conditions,Pericarditis,2017-10,Wales,5,107970,2,0.005
Poultry,Conditions,Pericarditis,2017-11,Wales,845,60986,2,1.386
Poultry,Conditions,Pericarditis,2017-12,Wales,331,158944,3,0.208
Poultry,Conditions,Perihepatitis/Peritonitis,2017-10,England,161,65550,10,0.246
Poultry,Conditions,Perihepatitis/Peritonitis,2017-11,England,60,108978,13,0.055
Poultry,Conditions,Perihepatitis/Peritonitis,2017-12,England,97,92550,15,0.105
Poultry,Conditions,Perihepatitis/Peritonitis,2017-10,Wales,6,107970,2,0.006
Poultry,Conditions,Perihepatitis/Peritonitis,2017-11,Wales,181,60986,2,0.297
Poultry,Conditions,Perihepatitis/Peritonitis,2017-12,Wales,212,158944,3,0.133
Poultry,Conditions,Respiratory Disease (air sacculitis),2017-10,England,3,65550,10,0.005
Poultry,Conditions,Respiratory Disease (air sacculitis),2017-12,England,1178,92550,15,1.273
Poultry,Conditions,Salpingitis,2017-10,England,10,65550,10,0.015
Poultry,Conditions,Salpingitis,2017-11,England,60,108978,13,0.055
Poultry,Conditions,Tumours/Nodules,2017-10,England,9,65550,10,0.014
Poultry,Conditions,Tumours/Nodules,2017-11,England,16,108978,13,0.015
Poultry,Conditions,Tumours/Nodules,2017-12,England,7,92550,15,0.008
Quail,Conditions,Abnormal Colour/Fevered,2017-10,England,76,15000,2,0.507
Quail,Conditions,Abnormal Colour/Fevered,2017-11,England,29,3700,1,0.784
Quail,Conditions,Abnormal Colour/Fevered,2017-12,England,21,3650,1,0.575
Quail,Conditions,Ascites/Oedema,2017-11,England,1,3700,1,0.027
Quail,Conditions,Bruising/Fractures,2017-10,England,297,15000,2,1.98
Quail,Conditions,Bruising/Fractures,2017-11,England,115,3700,1,3.108
Quail,Conditions,Bruising/Fractures,2017-12,England,102,3650,1,2.795
Quail,Conditions,Cellulitis,2017-10,England,2,15000,2,0.013
Quail,Conditions,Cellulitis,2017-12,England,6,3650,1,0.164
Quail,Conditions,Contamination,2017-11,England,2,3700,1,0.054
Quail,Conditions,Dead on Arrival/Death in the Lairage (DOA),2017-10,England,1,15000,2,0.007
Quail,Conditions,Dermatitis,2017-10,England,19,15000,2,0.127
Quail,Conditions,Emaciation,2017-10,England,54,15000,2,0.36
Quail,Conditions,Emaciation,2017-11,England,7,3700,1,0.189
Quail,Conditions,Emaciation,2017-12,England,7,3650,1,0.192
Quail,Conditions,Joint Lesions,2017-10,England,44,15000,2,0.293
Quail,Conditions,Joint Lesions,2017-11,England,14,3700,1,0.378
Quail,Conditions,Joint Lesions,2017-12,England,14,3650,1,0.384
Quail,Conditions,Machine Damage,2017-10,England,3,15000,2,0.02
Quail,Conditions,"Other Factory (poor plucking, product requirement)",2017-10,England,12,15000,2,0.08
Quail,Conditions,"Other Factory (poor plucking, product requirement)",2017-11,England,6,3700,1,0.162
Quail,Conditions,Overscald,2017-10,England,4,15000,2,0.027
Quail,Conditions,Perihepatitis/Peritonitis,2017-10,England,2,15000,2,0.013
Quail,Conditions,Perihepatitis/Peritonitis,2017-11,England,6,3700,1,0.162
Quail,Conditions,Salpingitis,2017-10,England,15,15000,2,0.1
Quail,Conditions,Salpingitis,2017-11,England,1,3700,1,0.027
Quail,Conditions,Salpingitis,2017-12,England,5,3650,1,0.137
Quail,Conditions,Tumours/Nodules,2017-10,England,6,15000,2,0.04
Quail,Conditions,Tumours/Nodules,2017-12,England,1,3650,1,0.027
Turkeys,Conditions,Abnormal Colour/Fevered,2017-10,England,700,684164,14,0.102
Turkeys,Conditions,Abnormal Colour/Fevered,2017-11,England,1590,2257975,23,0.07
Turkeys,Conditions,Abnormal Colour/Fevered,2017-12,England,2625,2280429,29,0.115
Turkeys,Conditions,Abnormal Colour/Fevered,2017-10,Wales,6,11707,2,0.051
Turkeys,Conditions,Abnormal Colour/Fevered,2017-11,Wales,83,71297,2,0.116
Turkeys,Conditions,Abnormal Colour/Fevered,2017-12,Wales,81,85367,2,0.095
Turkeys,Conditions,Antemortem Rejects (Cull/Runts),2017-11,England,5,2257975,23,0
Turkeys,Conditions,Antemortem Rejects (Cull/Runts),2017-12,England,17,2280429,29,0.001
Turkeys,Conditions,Ascites/Oedema,2017-10,England,35,684164,14,0.005
Turkeys,Conditions,Ascites/Oedema,2017-11,England,256,2257975,23,0.011
Turkeys,Conditions,Ascites/Oedema,2017-12,England,176,2280429,29,0.008
Turkeys,Conditions,Ascites/Oedema,2017-10,Wales,19,11707,2,0.162
Turkeys,Conditions,Ascites/Oedema,2017-11,Wales,4,71297,2,0.006
Turkeys,Conditions,Ascites/Oedema,2017-12,Wales,2,85367,2,0.002
Turkeys,Conditions,Bruising/Fractures,2017-10,England,8404,684164,14,1.228
Turkeys,Conditions,Bruising/Fractures,2017-11,England,12643,2257975,23,0.56
Turkeys,Conditions,Bruising/Fractures,2017-12,England,12480,2280429,29,0.547
Turkeys,Conditions,Bruising/Fractures,2017-10,Wales,1,11707,2,0.009
Turkeys,Conditions,Bruising/Fractures,2017-11,Wales,18,71297,2,0.025
Turkeys,Conditions,Bruising/Fractures,2017-12,Wales,20,85367,2,0.023
Turkeys,Conditions,Cellulitis,2017-10,England,404,684164,14,0.059
Turkeys,Conditions,Cellulitis,2017-11,England,393,2257975,23,0.017
Turkeys,Conditions,Cellulitis,2017-12,England,560,2280429,29,0.025
Turkeys,Conditions,Cellulitis,2017-12,Wales,2,85367,2,0.002
Turkeys,Conditions,Contamination,2017-10,England,329,684164,14,0.048
Turkeys,Conditions,Contamination,2017-11,England,1554,2257975,23,0.069
Turkeys,Conditions,Contamination,2017-12,England,1738,2280429,29,0.076
Turkeys,Conditions,Contamination,2017-11,Wales,49,71297,2,0.069
Turkeys,Conditions,Contamination,2017-12,Wales,87,85367,2,0.102
Turkeys,Conditions,Dead on Arrival/Death in the Lairage (DOA),2017-10,England,385,684164,14,0.056
Turkeys,Conditions,Dead on Arrival/Death in the Lairage (DOA),2017-11,England,1558,2257975,23,0.069
Turkeys,Conditions,Dead on Arrival/Death in the Lairage (DOA),2017-12,England,661,2280429,29,0.029
Turkeys,Conditions,Dead on Arrival/Death in the Lairage (DOA),2017-10,Wales,4,11707,2,0.034
Turkeys,Conditions,Dead on Arrival/Death in the Lairage (DOA),2017-11,Wales,35,71297,2,0.049
Turkeys,Conditions,Dead on Arrival/Death in the Lairage (DOA),2017-12,Wales,16,85367,2,0.019
Turkeys,Conditions,Death other than slaughter (uncut/badly bled),2017-10,England,148,684164,14,0.022
Turkeys,Conditions,Death other than slaughter (uncut/badly bled),2017-11,England,209,2257975,23,0.009
Turkeys,Conditions,Death other than slaughter (uncut/badly bled),2017-12,England,134,2280429,29,0.006
Turkeys,Conditions,Dermatitis,2017-10,England,307,684164,14,0.045
Turkeys,Conditions,Dermatitis,2017-11,England,704,2257975,23,0.031
Turkeys,Conditions,Dermatitis,2017-12,England,663,2280429,29,0.029
Turkeys,Conditions,Dermatitis,2017-11,Wales,9,71297,2,0.013
Turkeys,Conditions,Dermatitis,2017-12,Wales,5,85367,2,0.006
Turkeys,Conditions,Emaciation,2017-10,England,298,684164,14,0.044
Turkeys,Conditions,Emaciation,2017-11,England,746,2257975,23,0.033
Turkeys,Conditions,Emaciation,2017-12,England,664,2280429,29,0.029
Turkeys,Conditions,Emaciation,2017-10,Wales,5,11707,2,0.043
Turkeys,Conditions,Emaciation,2017-11,Wales,3,71297,2,0.004
Turkeys,Conditions,Emaciation,2017-12,Wales,17,85367,2,0.02
Turkeys,Conditions,Hepatitis,2017-10,England,1298,684164,14,0.19
Turkeys,Conditions,Hepatitis,2017-11,England,3790,2257975,23,0.168
Turkeys,Conditions,Hepatitis,2017-12,England,4182,2280429,29,0.183
Turkeys,Conditions,Hepatitis,2017-10,Wales,239,11707,2,2.042
Turkeys,Conditions,Hepatitis,2017-11,Wales,653,71297,2,0.916
Turkeys,Conditions,Hepatitis,2017-12,Wales,1123,85367,2,1.315
Turkeys,Conditions,Joint Lesions,2017-10,England,333,684164,14,0.049
Turkeys,Conditions,Joint Lesions,2017-11,England,619,2257975,23,0.027
Turkeys,Conditions,Joint Lesions,2017-12,England,1055,2280429,29,0.046
Turkeys,Conditions,Machine Damage,2017-10,England,101,684164,14,0.015
Turkeys,Conditions,Machine Damage,2017-11,England,350,2257975,23,0.016
Turkeys,Conditions,Machine Damage,2017-12,England,564,2280429,29,0.025
Turkeys,Conditions,Machine Damage,2017-11,Wales,5,71297,2,0.007
Turkeys,Conditions,Machine Damage,2017-12,Wales,12,85367,2,0.014
Turkeys,Conditions,"Other Factory (poor plucking, product requirement)",2017-10,England,70,684164,14,0.01
Turkeys,Conditions,"Other Factory (poor plucking, product requirement)",2017-11,England,191,2257975,23,0.008
Turkeys,Conditions,"Other Factory (poor plucking, product requirement)",2017-12,England,142,2280429,29,0.006
Turkeys,Conditions,"Other Farm (Jaundice, Oregon, White Muscle,Congen)",2017-10,England,3,684164,14,0
Turkeys,Conditions,"Other Farm (Jaundice, Oregon, White Muscle,Congen)",2017-11,England,65,2257975,23,0.003
Turkeys,Conditions,"Other Farm (Jaundice, Oregon, White Muscle,Congen)",2017-12,England,219,2280429,29,0.01
Turkeys,Conditions,Overscald,2017-10,England,96,684164,14,0.014
Turkeys,Conditions,Overscald,2017-11,England,1445,2257975,23,0.064
Turkeys,Conditions,Overscald,2017-12,England,89,2280429,29,0.004
Turkeys,Conditions,Overscald,2017-11,Wales,1,71297,2,0.001
Turkeys,Conditions,Overscald,2017-12,Wales,36,85367,2,0.042
Turkeys,Conditions,Pericarditis,2017-10,England,2347,684164,14,0.343
Turkeys,Conditions,Pericarditis,2017-11,England,6177,2257975,23,0.274
Turkeys,Conditions,Pericarditis,2017-12,England,5210,2280429,29,0.228
Turkeys,Conditions,Pericarditis,2017-10,Wales,445,11707,2,3.801
Turkeys,Conditions,Pericarditis,2017-11,Wales,2912,71297,2,4.084
Turkeys,Conditions,Pericarditis,2017-12,Wales,2272,85367,2,2.661
Turkeys,Conditions,Perihepatitis/Peritonitis,2017-10,England,518,684164,14,0.076
Turkeys,Conditions,Perihepatitis/Peritonitis,2017-11,England,1067,2257975,23,0.047
Turkeys,Conditions,Perihepatitis/Peritonitis,2017-12,England,1465,2280429,29,0.064
Turkeys,Conditions,Perihepatitis/Peritonitis,2017-10,Wales,22,11707,2,0.188
Turkeys,Conditions,Perihepatitis/Peritonitis,2017-11,Wales,1,71297,2,0.001
Turkeys,Conditions,Perihepatitis/Peritonitis,2017-12,Wales,166,85367,2,0.194
Turkeys,Conditions,Respiratory Disease (air sacculitis),2017-10,England,102,684164,14,0.015
Turkeys,Conditions,Respiratory Disease (air sacculitis),2017-11,England,189,2257975,23,0.008
Turkeys,Conditions,Respiratory Disease (air sacculitis),2017-12,England,296,2280429,29,0.013
Turkeys,Conditions,Respiratory Disease (air sacculitis),2017-12,Wales,4,85367,2,0.005
Turkeys,Conditions,Salpingitis,2017-10,England,42,684164,14,0.006
Turkeys,Conditions,Salpingitis,2017-11,England,71,2257975,23,0.003
Turkeys,Conditions,Salpingitis,2017-12,England,54,2280429,29,0.002
Turkeys,Conditions,Salpingitis,2017-10,Wales,11,11707,2,0.094
Turkeys,Conditions,Salpingitis,2017-12,Wales,17,85367,2,0.02
Turkeys,Conditions,Tumours/Nodules,2017-10,England,14,684164,14,0.002
Turkeys,Conditions,Tumours/Nodules,2017-11,England,11,2257975,23,0
Turkeys,Conditions,Tumours/Nodules,2017-12,England,21,2280429,29,0.001
