"Data generated on Wednesday, March 23, 2022 at 7:25:42 PM EST",,,,,,,,,,,,,,,,,,,,,,,,,,,,,,,,,,,,
Area/Partners of Origin,,,,,January - December,,,,,,,,,,,,,,,,,,,,,,,,,,,,,,,
And General  Commodities Imported,,,,,Cumulative To Date Quantities/Values in Thousands of Dollars,,,,,,,,,,,,,,,,,,,,,,,,,,,,,,,
,,,,,,2011,2011,2012,2012,2013,2013,2014,2014,2015,2015,2016,2016,2017,2017,2018,2018,2019,2019,2020,2020,2021,2021,Jan - Jan 2021,Jan - Jan 2021,Jan - Jan 2022,Jan - Jan 2022,,,,,
,Partner,,HS Code,Product,UOM,Value,Qty,Value,Qty,Value,Qty,Value,Qty,Value,Qty,Value,Qty,Value,Qty,Value,Qty,Value,Qty,Value,Qty,Value,Qty,Value,Qty,Value,Qty,Period/Period %  Change (Value),Period/Period %  Change (Qty),Reporter Code,Partner Code,Product Code
1,World Total,1,105110040,"CH,LV,N>185,XBS",NO,"7,607","4,400,160.00","8,003","4,097,538.00","6,967","3,484,517.00","7,507","3,911,307.00","6,247","4,122,181.00","5,234","4,112,625.00","5,300","4,039,487.00","6,772","3,160,972.00","6,888","1,473,142.00","6,249","1,371,439.00","4,706","1,066,785.00",445,"80,405.00",754,"140,920.00",69,75,US,R00,105110040
1,World Total,2,105110010,"CH,LV,N>185 BSEG",NO,"1,156","324,536.00",520,"453,684.00","2,483","1,427,104.00","4,112","2,345,617.00","4,256","1,650,986.00","4,397","1,181,670.00","1,711","489,390.00","1,743","750,512.00",251,"128,901.00",666,"313,631.00","2,436","1,340,639.00",78,"8,720.00","1,224","735,836.00","1,467","8,338",US,R00,105110010
1,World Total,3,105110020,"CH,LV,N>185 BSMT",NO,"3,131","1,252,282.00","2,206","837,034.00",502,"130,268.00",374,"134,635.00",6,"1,100.00",207,"40,460.00",143,"70,091.00",208,"42,720.00",0,0,53,"89,000.00",490,"274,172.00",48,"23,472.00",0,0,,,US,R00,105110020
,Grand Total,,,,NO,"11,895","5,976,978.00","10,728","5,388,256.00","9,952","5,041,889.00","11,993","6,391,559.00","10,509","5,774,267.00","9,838","5,334,755.00","7,154","4,598,968.00","8,723","3,954,204.00","7,138","1,602,043.00","6,968","1,774,070.00","7,633","2,681,596.00",572,"112,597.00","1,978","876,756.00",246,679,,,
"Notes:<br>
1. Data Source: U.S. Census Bureau Trade Data<br>
2. All zeroes for a data item may show that statistics exist in the other import type. Consumption or General.<br>
3. Users should use cautious interpretation on QUANTITY reports using mixed units of measure. QUANTITY line items will only include statistics on the units of measure that are equal to, or are able to be converted to, the assigned unit of measure of the grouped
 commodities.",,,,,,,,,,,,,,,,,,,,,,,,,,,,,,,,,,,,
4. Product Group : BICO-HS10,,,,,,,,,,,,,,,,,,,,,,,,,,,,,,,,,,,,
