study,PS,LS,sdLS,seLS,szLS,study type,data collection Method,sample size,reference 
1,b. CLM,1.64,0.58,0.03,448,on statation ,monitoring and recording ,448,"Dadi, H., Duguma, G., Shelima, B., Fayera, T., Tadesse, M., Woldu, T. and Tucho, T.A. 2008. Non-genetic factors influencing post-weaning growth and reproductive performances of Arsi-Bale goats. Livestock Research for Rural Development 20(7)."
2,CLM,2.07,0.13,0.01,120,on farm ,monitoring and recording ,120hh,"Endeshaw Assefa. 2007. Assessment on production system and marketing of goats at Dale district (Sidama Zone). MSc thesis. Awassa, Ethiopia: University of Hawassa."
3,CLM,1.7,1.26,0.1,160,on farm ,interview of farmers ,160hh,"Gemeda, B. S., 2009. Production and Marketing Systems of Small Ruminants in Goma District of Jimma Zone, Western Ethiopia. M.Sc. Thesis, Hawassa University, Hawassa. https://cgspace.cgiar.org/handle/10568/675"
4,CLM,1.47,0.46,0.03,257,on farm ,monitoring and measuring ,257hh,"Talore, D.G., 2009. On-Farm Performance Evaluation Of Indigenous Sheep And Goats In Alaba, Southern Ethiopia. MSc thesis. Hawasa University"
5,CLM,1.7,0.63,0.06,120,on farm ,interview of farmers ,120hh,"Debele, S.,   Habta, M., 2015. Sheep and Goat Production Practice In Agroforestry Systems of Gedio Zone, Ethiopia. International Journal of Environment,4,2 "
