study,Breed  ,PS,AMwt,seAMwt,sdAMwt,szAMwt,type of study, method of data coll,sample size,reference 
1,bonga ,CLM,29.7,0.17,1.46,74,on farm ,measurment,762,"Zewdu, E., Aynalem, H., Markos T., Sharma, A. K., Dejene, A., S�lkner, J. and Maria, W. (2009) Morphological characterization of Bonga and Horro Indigenous Sheep Breeds under Smallholder conditions in Ethiopia Breeds under Smallholder Conditions in Ethiopia. Ethiopian Journal Animal Production, 9, 117-136."
2,Horo,CLM,31.66,1.23,6.51,28,on farm ,measurment,816,"Zewdu, E., Aynalem, H., Markos T., Sharma, A. K., Dejene, A., S�lkner, J. and Maria, W. (2009) Morphological Characterization of Bonga and Horro Indigenous Sheep Breeds under Smallholder Conditions in Ethiopia. Ethiopian Journal Animal Production, 9, 117-136."
3,Kochore (Gedeo),CLM,30.4,1.34,10.8,65.04,farm,measuring,542,"Tolera, A., 1998. Production Situation and Some Productivity and Physical Characters of Traditionally Managed Sheep and Goats in Kochore District, Southern Ethiopia, Journal of Applied Animal Research, 13:1-2, 49-59, DOI:10.1080/09712119.1998.9706672"
4,gumuz,CLM,34.6,1.14,6.77,35,farm ,recording,114,"Abegaz, S., Hegde, B.P., Taye, M. 2011. Growth and Physical Body Characteristics of Gumuz Sheep under Traditional Management Systems in Amhara Regional State, Ethiopia. Livestock Research for Rural Development 23, 5."
