date,time,run_by,nruns,Item,Group,Mean,StDev,Min,Q1,Median,Q3,Max
2023-08-14,16:29,AL,10000,Births,Neonatal Female,11986649.0903383,2043473.4315224,5840260.89787855,10463405.2673931,11941910.4145844,13430533.2544276,18254328.1175506
2023-08-14,16:29,AL,10000,Births,Neonatal Male,11986649.0903383,2043473.4315224,5840260.89787855,10463405.2673931,11941910.4145844,13430533.2544276,18254328.1175506
2023-08-14,16:29,AL,10000,Births,Juvenile Female,0,0,0,0,0,0,0
2023-08-14,16:29,AL,10000,Births,Juvenile Male,0,0,0,0,0,0,0
2023-08-14,16:29,AL,10000,Births,Adult Female,0,0,0,0,0,0,0
2023-08-14,16:29,AL,10000,Births,Adult Male,0,0,0,0,0,0,0
2023-08-14,16:29,AL,10000,Births,Overall,23973298.1806767,4086946.86304479,11680521.7957571,20926810.5347862,23883820.8291688,26861066.5088553,36508656.2351013
2023-08-14,16:29,AL,10000,Births,Neonatal Combined,23973298.1806767,4086946.86304479,11680521.7957571,20926810.5347862,23883820.8291688,26861066.5088553,36508656.2351013
2023-08-14,16:29,AL,10000,Births,Juvenile Combined,0,0,0,0,0,0,0
2023-08-14,16:29,AL,10000,Births,Adult Combined,0,0,0,0,0,0,0
2023-08-14,16:29,AL,10000,Births,Female Combined,11986649.0903383,2043473.4315224,5840260.89787855,10463405.2673931,11941910.4145844,13430533.2544276,18254328.1175506
2023-08-14,16:29,AL,10000,Births,Male Combined,11986649.0903383,2043473.4315224,5840260.89787855,10463405.2673931,11941910.4145844,13430533.2544276,18254328.1175506
2023-08-14,16:29,AL,10000,Growth in,Neonatal Female,0,0,0,0,0,0,0
2023-08-14,16:29,AL,10000,Growth in,Neonatal Male,0,0,0,0,0,0,0
2023-08-14,16:29,AL,10000,Growth in,Juvenile Female,9122897.24703203,1090412.18767966,5813935.57805903,8311445.52789819,9102440.0888589,9895223.353626,12440222.2967239
2023-08-14,16:29,AL,10000,Growth in,Juvenile Male,8272835.18752894,1090412.18767966,4963873.51855594,7461383.4683951,8252378.02935581,9045161.29412291,11590160.2372209
2023-08-14,16:29,AL,10000,Growth in,Adult Female,6723192.38060484,462822.572022888,5312739.13448327,6379054.81931197,6715208.26492585,7051382.29205667,8125664.68084141
2023-08-14,16:29,AL,10000,Growth in,Adult Male,4720418.36631274,426174.286290998,3421865.65370542,4403520.97036448,4713041.33985494,5022607.21786056,6012036.67751396
2023-08-14,16:29,AL,10000,Growth in,Overall,28839343.1814785,3069820.15317511,19512413.8848037,26555404.7859697,28783067.7229955,31014374.1576661,38168083.8923002
2023-08-14,16:29,AL,10000,Growth in,Neonatal Combined,0,0,0,0,0,0,0
2023-08-14,16:29,AL,10000,Growth in,Juvenile Combined,17395732.434561,2180824.37535932,10777809.096615,15772828.9962933,17354818.1182147,18940384.6477489,24030382.5339448
2023-08-14,16:29,AL,10000,Growth in,Adult Combined,11443610.7469176,888996.857713247,8734604.78818869,10782575.7896764,11428249.6047808,12073989.5099172,14137701.3583554
2023-08-14,16:29,AL,10000,Growth in,Female Combined,15846089.6276369,1553234.18273051,11126674.7125423,14690500.3472102,15817648.3537847,16946605.6456827,20565886.9775654
2023-08-14,16:29,AL,10000,Growth in,Male Combined,12993253.5538417,1516585.97150804,8385739.17226136,11864904.4387596,12965419.3692107,14067768.5119835,17602196.9147348
2023-08-14,16:29,AL,10000,Growth out,Neonatal Female,9122897.24703203,1090412.18767966,5813935.57805903,8311445.52789819,9102440.0888589,9895223.353626,12440222.2967239
2023-08-14,16:29,AL,10000,Growth out,Neonatal Male,8272835.18752894,1090412.18767966,4963873.51855594,7461383.4683951,8252378.02935581,9045161.29412291,11590160.2372209
2023-08-14,16:29,AL,10000,Growth out,Juvenile Female,6723192.38060484,462822.572022888,5312739.13448327,6379054.81931197,6715208.26492585,7051382.29205667,8125664.68084141
2023-08-14,16:29,AL,10000,Growth out,Juvenile Male,4720418.36631274,426174.286290998,3421865.65370542,4403520.97036448,4713041.33985494,5022607.21786056,6012036.67751396
2023-08-14,16:29,AL,10000,Growth out,Adult Female,0,0,0,0,0,0,0
2023-08-14,16:29,AL,10000,Growth out,Adult Male,0,0,0,0,0,0,0
2023-08-14,16:29,AL,10000,Growth out,Overall,28839343.1814785,3069820.15317511,19512413.8848037,26555404.7859697,28783067.7229955,31014374.1576661,38168083.8923002
2023-08-14,16:29,AL,10000,Growth out,Neonatal Combined,17395732.434561,2180824.37535932,10777809.096615,15772828.9962933,17354818.1182147,18940384.6477489,24030382.5339448
2023-08-14,16:29,AL,10000,Growth out,Juvenile Combined,11443610.7469176,888996.857713247,8734604.78818869,10782575.7896764,11428249.6047808,12073989.5099172,14137701.3583554
2023-08-14,16:29,AL,10000,Growth out,Adult Combined,0,0,0,0,0,0,0
2023-08-14,16:29,AL,10000,Growth out,Female Combined,15846089.6276369,1553234.18273051,11126674.7125423,14690500.3472102,15817648.3537847,16946605.6456827,20565886.9775654
2023-08-14,16:29,AL,10000,Growth out,Male Combined,12993253.5538417,1516585.97150804,8385739.17226136,11864904.4387596,12965419.3692107,14067768.5119835,17602196.9147348
2023-08-14,16:29,AL,10000,Deaths,Neonatal Female,0,0,0,0,0,0,0
2023-08-14,16:29,AL,10000,Deaths,Neonatal Male,0,0,0,0,0,0,0
2023-08-14,16:29,AL,10000,Deaths,Juvenile Female,0,0,0,0,0,0,0
2023-08-14,16:29,AL,10000,Deaths,Juvenile Male,0,0,0,0,0,0,0
2023-08-14,16:29,AL,10000,Deaths,Adult Female,0,0,0,0,0,0,0
2023-08-14,16:29,AL,10000,Deaths,Adult Male,0,0,0,0,0,0,0
2023-08-14,16:29,AL,10000,Deaths,Overall,0,0,0,0,0,0,0
2023-08-14,16:29,AL,10000,Deaths,Neonatal Combined,0,0,0,0,0,0,0
2023-08-14,16:29,AL,10000,Deaths,Juvenile Combined,0,0,0,0,0,0,0
2023-08-14,16:29,AL,10000,Deaths,Adult Combined,0,0,0,0,0,0,0
2023-08-14,16:29,AL,10000,Deaths,Female Combined,0,0,0,0,0,0,0
2023-08-14,16:29,AL,10000,Deaths,Male Combined,0,0,0,0,0,0,0
2023-08-14,16:29,AL,10000,Offtakes,Neonatal Female,0,0,0,0,0,0,0
2023-08-14,16:29,AL,10000,Offtakes,Neonatal Male,0,0,0,0,0,0,0
2023-08-14,16:29,AL,10000,Offtakes,Juvenile Female,437007.504739314,30083.4671814877,345328.043741413,414638.563255278,436488.53722018,458339.848983684,528168.204254692
2023-08-14,16:29,AL,10000,Offtakes,Juvenile Male,1486931.78538851,134244.900181664,1077887.68091721,1387109.10566481,1484608.0220543,1582121.27362608,1893791.5534169
2023-08-14,16:29,AL,10000,Offtakes,Adult Female,2168859.68958694,13276.2594235471,2128310.80676571,2158992.18418404,2168641.12857698,2178279.60143065,2209006.9472604
2023-08-14,16:29,AL,10000,Offtakes,Adult Male,3295151.24550603,55023.5168628423,3127117.75566326,3254254.30630448,3294242.89795512,3334190.75405044,3461561.78266227
2023-08-14,16:29,AL,10000,Offtakes,Overall,7387950.2252208,232628.11954193,6678644.28708759,7214994.15940861,7383980.58580659,7552931.47809085,8092528.48759427
2023-08-14,16:29,AL,10000,Offtakes,Neonatal Combined,0,0,0,0,0,0,0
2023-08-14,16:29,AL,10000,Offtakes,Juvenile Combined,1923939.29012783,164328.367296621,1423215.72465862,1801747.66892009,1921096.55927448,2040461.12260976,2421959.75767159
2023-08-14,16:29,AL,10000,Offtakes,Adult Combined,5464010.93509297,68299.7762689138,5255428.56242897,5413246.49048852,5462884.0265321,5512470.35548109,5670568.72992267
2023-08-14,16:29,AL,10000,Offtakes,Female Combined,2605867.19432626,43359.7221468053,2473638.85050713,2573630.74743932,2605129.66579716,2636619.45041434,2737175.1515151
2023-08-14,16:29,AL,10000,Offtakes,Male Combined,4782083.03089454,189268.397519678,4205005.43658046,4641363.41196929,4778850.92000942,4916312.02767651,5355353.33607917
2023-08-14,16:29,AL,10000,Culls,Neonatal Female,0,0,0,0,0,0,0
2023-08-14,16:29,AL,10000,Culls,Neonatal Male,0,0,0,0,0,0,0
2023-08-14,16:29,AL,10000,Culls,Juvenile Female,0,0,0,0,0,0,0
2023-08-14,16:29,AL,10000,Culls,Juvenile Male,0,0,0,0,0,0,0
2023-08-14,16:29,AL,10000,Culls,Adult Female,1853726.23041619,11347.230276536,1819069.06561172,1845292.46511456,1853539.42613417,1861777.43712022,1888040.12586359
2023-08-14,16:29,AL,10000,Culls,Adult Male,1307599.70059763,21834.7289138263,1240919.74431082,1291370.75647003,1307239.24522029,1323091.56906763,1373635.62804058
2023-08-14,16:29,AL,10000,Culls,Overall,3161325.93101382,33181.9591781622,3059988.80992254,3136663.2215846,3160778.67135446,3184869.00618785,3261675.75390418
2023-08-14,16:29,AL,10000,Culls,Neonatal Combined,0,0,0,0,0,0,0
2023-08-14,16:29,AL,10000,Culls,Juvenile Combined,0,0,0,0,0,0,0
2023-08-14,16:29,AL,10000,Culls,Adult Combined,3161325.93101382,33181.9591781622,3059988.80992254,3136663.2215846,3160778.67135446,3184869.00618785,3261675.75390418
2023-08-14,16:29,AL,10000,Culls,Female Combined,1853726.23041619,11347.230276536,1819069.06561172,1845292.46511456,1853539.42613417,1861777.43712022,1888040.12586359
2023-08-14,16:29,AL,10000,Culls,Male Combined,1307599.70059763,21834.7289138263,1240919.74431082,1291370.75647003,1307239.24522029,1323091.56906763,1373635.62804058
2023-08-14,16:29,AL,10000,Sum,Neonatal Female,21109546.3373704,3133880.18447446,11654196.4759376,18774850.7952913,21044350.5034433,23325756.6080537,30694550.4142746
2023-08-14,16:29,AL,10000,Sum,Neonatal Male,20259484.2778673,3133880.18447446,10804134.4164345,17924788.7357882,20194288.4439402,22475694.5485506,29844488.3547715
2023-08-14,16:29,AL,10000,Sum,Juvenile Female,16283097.1323762,1583317.62408401,11472002.7562837,15105138.9104654,16254136.8910049,17404945.4946664,21094055.18182
2023-08-14,16:29,AL,10000,Sum,Juvenile Male,14480185.3392302,1650830.76714493,9463626.85317857,13252013.5444244,14450027.391265,15649889.7856095,19495988.4681517
2023-08-14,16:29,AL,10000,Sum,Adult Female,10745778.300608,487446.050407233,9260119.0068607,10383339.4686106,10737388.819637,11091439.3306075,12222711.7539654
2023-08-14,16:29,AL,10000,Sum,Adult Male,9323169.3124164,503032.499491432,7789903.15367949,8949146.03313899,9314523.48303034,9679889.54097863,10847234.0882168
2023-08-14,16:29,AL,10000,Sum,Overall,92201260.6998684,10492371.4567972,60443982.6623745,84389277.4877189,91994715.5323208,99627615.3084663,124199028.2612
2023-08-14,16:29,AL,10000,Sum,Neonatal Combined,41369030.6152376,6267760.36894893,22458330.8923721,36699639.5310795,41238638.9473835,45801451.1566042,60539038.7690461
2023-08-14,16:29,AL,10000,Sum,Juvenile Combined,30763282.4716064,3234148.39090989,20935629.6094623,28357152.4548898,30704164.28227,33054835.2802759,40590043.6499718
2023-08-14,16:29,AL,10000,Sum,Adult Combined,20068947.6130244,990478.54979057,17050022.1605402,19332485.5017496,20051912.3026673,20771328.8715862,23069945.8421822
2023-08-14,16:29,AL,10000,Sum,Female Combined,48138421.7703545,5204636.08559349,32386318.239082,44263329.1743673,48035876.2140852,51822141.4333276,64011317.35006
2023-08-14,16:29,AL,10000,Sum,Male Combined,44062838.9295139,5287735.37365683,28057664.4232925,40125948.3133516,43958839.3182356,47805473.8751387,60187710.91114
2023-08-14,16:29,AL,10000,Inflow,Neonatal Female,11986649.0903383,2043473.4315224,5840260.89787855,10463405.2673931,11941910.4145844,13430533.2544276,18254328.1175506
2023-08-14,16:29,AL,10000,Inflow,Neonatal Male,11986649.0903383,2043473.4315224,5840260.89787855,10463405.2673931,11941910.4145844,13430533.2544276,18254328.1175506
2023-08-14,16:29,AL,10000,Inflow,Juvenile Female,9122897.24703203,1090412.18767966,5813935.57805903,8311445.52789819,9102440.0888589,9895223.353626,12440222.2967239
2023-08-14,16:29,AL,10000,Inflow,Juvenile Male,8272835.18752894,1090412.18767966,4963873.51855594,7461383.4683951,8252378.02935581,9045161.29412291,11590160.2372209
2023-08-14,16:29,AL,10000,Inflow,Adult Female,6723192.38060484,462822.572022888,5312739.13448327,6379054.81931197,6715208.26492585,7051382.29205667,8125664.68084141
2023-08-14,16:29,AL,10000,Inflow,Adult Male,4720418.36631274,426174.286290998,3421865.65370542,4403520.97036448,4713041.33985494,5022607.21786056,6012036.67751396
2023-08-14,16:29,AL,10000,Inflow,Overall,52812641.3621552,7156749.69438714,31192935.6805608,47482215.320756,52666888.5521643,57875440.6665215,74676740.1274015
2023-08-14,16:29,AL,10000,Inflow,Neonatal Combined,23973298.1806767,4086946.86304479,11680521.7957571,20926810.5347862,23883820.8291688,26861066.5088553,36508656.2351013
2023-08-14,16:29,AL,10000,Inflow,Juvenile Combined,17395732.434561,2180824.37535932,10777809.096615,15772828.9962933,17354818.1182147,18940384.6477489,24030382.5339448
2023-08-14,16:29,AL,10000,Inflow,Adult Combined,11443610.7469176,888996.857713247,8734604.78818869,10782575.7896764,11428249.6047808,12073989.5099172,14137701.3583554
2023-08-14,16:29,AL,10000,Inflow,Female Combined,27832738.7179752,3596698.79225892,16966935.6104208,25153905.6146033,27759558.7683691,30377138.9001103,38820215.095116
2023-08-14,16:29,AL,10000,Inflow,Male Combined,24979902.64418,3560050.90423942,14226000.0701399,22328309.7061527,24907329.7837951,27498301.7664111,35856525.0322855
2023-08-14,16:29,AL,10000,Outflow,Neonatal Female,9122897.24703203,1090412.18767966,5813935.57805903,8311445.52789819,9102440.0888589,9895223.353626,12440222.2967239
2023-08-14,16:29,AL,10000,Outflow,Neonatal Male,8272835.18752894,1090412.18767966,4963873.51855594,7461383.4683951,8252378.02935581,9045161.29412291,11590160.2372209
2023-08-14,16:29,AL,10000,Outflow,Juvenile Female,7160199.88534415,492906.039204374,5658067.17822468,6793693.38256725,7151696.80214603,7509722.14104035,8653832.8850961
2023-08-14,16:29,AL,10000,Outflow,Juvenile Male,6207350.15170125,560419.186472663,4499753.33462263,5790630.07602929,6197649.36190924,6604728.49148663,7905828.23093086
2023-08-14,16:29,AL,10000,Outflow,Adult Female,4022585.92000313,24623.489700083,3947379.87237743,4004284.6492986,4022180.55471115,4040057.03855087,4097047.073124
2023-08-14,16:29,AL,10000,Outflow,Adult Male,4602750.94610366,76858.2457766684,4368037.49997407,4545625.06277452,4601482.14317541,4657282.32311807,4835197.41070286
2023-08-14,16:29,AL,10000,Outflow,Overall,39388619.3377132,3335629.88299621,29251046.9818138,36907062.166963,39327826.9801565,41752174.6419448,49522288.1337986
2023-08-14,16:29,AL,10000,Outflow,Neonatal Combined,17395732.434561,2180824.37535932,10777809.096615,15772828.9962933,17354818.1182147,18940384.6477489,24030382.5339448
2023-08-14,16:29,AL,10000,Outflow,Juvenile Combined,13367550.0370454,1053325.22496709,10157820.5128473,12584323.4585965,13349346.1640553,14114450.632527,16559661.116027
2023-08-14,16:29,AL,10000,Outflow,Adult Combined,8625336.86610679,101481.735446281,8315417.3723515,8549909.71207312,8623662.69788656,8697339.36166894,8932244.48382685
2023-08-14,16:29,AL,10000,Outflow,Female Combined,20305683.0523793,1607941.05066668,15419382.6286611,19109423.559764,20276317.4457161,21445002.5332172,25191102.254944
2023-08-14,16:29,AL,10000,Outflow,Male Combined,19082936.2853338,1727688.83576803,13831664.3531526,17797638.6071989,19051509.5344405,20307172.1087276,24331185.8788546
2023-08-14,16:29,AL,10000,Difference,Neonatal Female,2863751.8433063,953079.11429997,26325.3198195194,2151959.73949493,2839470.32572549,3535309.90080165,5814105.82082669
2023-08-14,16:29,AL,10000,Difference,Neonatal Male,3713813.90280939,953079.11429997,876387.37932261,3002021.79899802,3689532.38522858,4385371.96030474,6664167.88032978
2023-08-14,16:29,AL,10000,Difference,Juvenile Female,1962697.36168788,597507.745819195,155868.399834345,1517752.14533094,1950743.28671287,2385501.21258565,3786389.41162784
2023-08-14,16:29,AL,10000,Difference,Juvenile Male,2065485.03582769,529994.891920393,464120.183933309,1670753.39236581,2054728.66744657,2440432.80263628,3684332.00629
2023-08-14,16:29,AL,10000,Difference,Adult Female,2700606.4606017,438199.094910261,1365359.26210584,2374770.17001337,2693027.7102147,3011325.2535058,4028617.60771741
2023-08-14,16:29,AL,10000,Difference,Adult Male,117667.42020908,349316.087425726,-946171.84626865,-142104.092410039,111559.196679528,365324.894742487,1176839.2668111
2023-08-14,16:29,AL,10000,Difference,Overall,13424022.0244421,3821142.10956388,1941888.69874697,10575153.153793,13339061.5720077,16123266.0245766,25154451.9936028
2023-08-14,16:29,AL,10000,Difference,Neonatal Combined,6577565.7461157,1906158.22859994,902712.699142129,5153981.53849296,6529002.71095407,7920681.86110638,12478273.7011565
2023-08-14,16:29,AL,10000,Difference,Juvenile Combined,4028182.39751557,1127502.61950986,619988.583767654,3188505.53769675,4005471.95415943,4825934.01522193,7470721.41791785
2023-08-14,16:29,AL,10000,Difference,Adult Combined,2818273.88081078,787515.176813249,419187.415837187,2232666.07760333,2804586.90689423,3376650.14824829,5205456.87452852
2023-08-14,16:29,AL,10000,Difference,Female Combined,7527055.66559589,1988767.57461738,1547552.9817597,6044482.05483924,7483241.32265305,8932136.36689309,13629112.8401719
2023-08-14,16:29,AL,10000,Difference,Male Combined,5896966.35884617,1832374.66862133,394335.716987269,4530671.0989538,5855820.24935467,7191129.6576835,11525339.1534309
2023-08-14,16:29,AL,10000,Population,Neonatal Female,5795409.8433063,953079.11429997,2957983.31981952,5083617.73949493,5771128.32572549,6466967.90080165,8745763.82082669
2023-08-14,16:29,AL,10000,Population,Neonatal Male,5688025.90280939,953079.11429997,2850599.37932261,4976233.79899802,5663744.38522858,6359583.96030474,8638379.88032978
2023-08-14,16:29,AL,10000,Population,Juvenile Female,4526559.36168788,597507.745819195,2719730.39983435,4081614.14533094,4514605.28671287,4949363.21258565,6350251.41162784
2023-08-14,16:29,AL,10000,Population,Juvenile Male,3599282.03582769,529994.891920393,1997917.18393331,3204550.39236581,3588525.66744657,3974229.80263628,5218129.00629
2023-08-14,16:29,AL,10000,Population,Adult Female,18442396.4606017,438199.094910261,17107149.2621058,18116560.1700134,18434817.7102147,18753115.2535058,19770407.6077174
2023-08-14,16:29,AL,10000,Population,Adult Male,5673243.42020908,349316.087425726,4609404.15373135,5413471.90758996,5667135.19667953,5920900.89474249,6732415.2668111
2023-08-14,16:29,AL,10000,Population,Overall,43724917.0244421,3821142.10956388,32242783.698747,40876048.153793,43639956.5720077,46424161.0245766,55455346.9936028
2023-08-14,16:29,AL,10000,Population,Neonatal Combined,11483435.7461157,1906158.22859994,5808582.69914213,10059851.538493,11434872.7109541,12826551.8611064,17384143.7011565
2023-08-14,16:29,AL,10000,Population,Juvenile Combined,8125841.39751557,1127502.61950986,4717647.58376765,7286164.53769675,8103130.95415943,8923593.01522193,11568380.4179178
2023-08-14,16:29,AL,10000,Population,Adult Combined,24115639.8808108,787515.176813249,21716553.4158372,23530032.0776033,24101952.9068942,24674016.1482483,26502822.8745285
2023-08-14,16:29,AL,10000,Population,Female Combined,28764365.6655959,1988767.57461738,22784862.9817597,27281792.0548392,28720551.322653,30169446.3668931,34866422.840172
2023-08-14,16:29,AL,10000,Population,Male Combined,14960551.3588462,1832374.66862133,9457920.71698727,13594256.0989538,14919405.2493547,16254714.6576835,20588924.1534309
2023-08-14,16:29,AL,10000,Num Offtake,Neonatal Female,0,0,0,0,0,0,0
2023-08-14,16:29,AL,10000,Num Offtake,Neonatal Male,0,0,0,0,0,0,0
2023-08-14,16:29,AL,10000,Num Offtake,Juvenile Female,437007.504739314,30083.4671814877,345328.043741413,414638.563255278,436488.53722018,458339.848983684,528168.204254692
2023-08-14,16:29,AL,10000,Num Offtake,Juvenile Male,1486931.78538851,134244.900181664,1077887.68091721,1387109.10566481,1484608.0220543,1582121.27362608,1893791.5534169
2023-08-14,16:29,AL,10000,Num Offtake,Adult Female,2168859.68958694,13276.2594235471,2128310.80676571,2158992.18418404,2168641.12857698,2178279.60143065,2209006.9472604
2023-08-14,16:29,AL,10000,Num Offtake,Adult Male,4602750.94610366,76858.2457766684,4368037.49997407,4545625.06277452,4601482.14317541,4657282.32311807,4835197.41070286
2023-08-14,16:29,AL,10000,Num Offtake,Overall,8695549.92581843,254462.843651189,7919564.03139841,8506364.91587864,8691219.83102687,8876023.04715848,9466164.11563485
2023-08-14,16:29,AL,10000,Num Offtake,Neonatal Combined,0,0,0,0,0,0,0
2023-08-14,16:29,AL,10000,Num Offtake,Juvenile Combined,1923939.29012783,164328.367296621,1423215.72465862,1801747.66892009,1921096.55927448,2040461.12260976,2421959.75767159
2023-08-14,16:29,AL,10000,Num Offtake,Adult Combined,6771610.6356906,90134.5051817184,6496348.30673978,6704617.24695855,6770123.27175239,6835561.92454872,7044204.35796326
2023-08-14,16:29,AL,10000,Num Offtake,Female Combined,2605867.19432626,43359.7221468053,2473638.85050713,2573630.74743932,2605129.66579716,2636619.45041434,2737175.1515151
2023-08-14,16:29,AL,10000,Num Offtake,Male Combined,6089682.73149217,211103.121506422,5445925.18089128,5932734.16843932,6086090.16522971,6239403.59674415,6728988.96411975
2023-08-14,16:29,AL,10000,Cml Pop Growth,Neonatal Female,2863751.8433063,953079.11429997,26325.3198195194,2151959.73949493,2839470.32572549,3535309.90080165,5814105.82082669
2023-08-14,16:29,AL,10000,Cml Pop Growth,Neonatal Male,3713813.90280939,953079.11429997,876387.37932261,3002021.79899802,3689532.38522858,4385371.96030474,6664167.88032978
2023-08-14,16:29,AL,10000,Cml Pop Growth,Juvenile Female,1962697.36168788,597507.745819195,155868.399834345,1517752.14533094,1950743.28671287,2385501.21258565,3786389.41162784
2023-08-14,16:29,AL,10000,Cml Pop Growth,Juvenile Male,2065485.03582769,529994.891920393,464120.183933309,1670753.39236581,2054728.66744657,2440432.80263628,3684332.00629
2023-08-14,16:29,AL,10000,Cml Pop Growth,Adult Female,2700606.4606017,438199.094910261,1365359.26210584,2374770.17001337,2693027.7102147,3011325.2535058,4028617.60771741
2023-08-14,16:29,AL,10000,Cml Pop Growth,Adult Male,117667.42020908,349316.087425726,-946171.84626865,-142104.092410039,111559.196679528,365324.894742487,1176839.2668111
2023-08-14,16:29,AL,10000,Cml Pop Growth,Overall,13424022.0244421,3821142.10956388,1941888.69874697,10575153.153793,13339061.5720077,16123266.0245766,25154451.9936028
2023-08-14,16:29,AL,10000,Cml Pop Growth,Neonatal Combined,6577565.7461157,1906158.22859994,902712.699142129,5153981.53849296,6529002.71095407,7920681.86110638,12478273.7011565
2023-08-14,16:29,AL,10000,Cml Pop Growth,Juvenile Combined,4028182.39751557,1127502.61950986,619988.583767654,3188505.53769675,4005471.95415943,4825934.01522193,7470721.41791785
2023-08-14,16:29,AL,10000,Cml Pop Growth,Adult Combined,2818273.88081078,787515.176813249,419187.415837187,2232666.07760333,2804586.90689423,3376650.14824829,5205456.87452852
2023-08-14,16:29,AL,10000,Cml Pop Growth,Female Combined,7527055.66559589,1988767.57461738,1547552.9817597,6044482.05483924,7483241.32265305,8932136.36689309,13629112.8401719
2023-08-14,16:29,AL,10000,Cml Pop Growth,Male Combined,5896966.35884617,1832374.66862133,394335.716987269,4530671.0989538,5855820.24935467,7191129.6576835,11525339.1534309
2023-08-14,16:29,AL,10000,Total Number Increase,Neonatal Female,2863751.8433063,953079.11429997,26325.3198195194,2151959.73949493,2839470.32572549,3535309.90080165,5814105.82082669
2023-08-14,16:29,AL,10000,Total Number Increase,Neonatal Male,3713813.90280939,953079.11429997,876387.37932261,3002021.79899802,3689532.38522858,4385371.96030474,6664167.88032978
2023-08-14,16:29,AL,10000,Total Number Increase,Juvenile Female,2399704.8664272,627591.043615117,501196.443575758,1932390.70858622,2387231.82393305,2843841.06156933,4314557.61588254
2023-08-14,16:29,AL,10000,Total Number Increase,Juvenile Male,3552416.82121621,664239.048608977,1542007.86485052,3057862.49803062,3539336.68950087,4022554.07626236,5578123.5597069
2023-08-14,16:29,AL,10000,Total Number Increase,Adult Female,4869466.15018865,451475.347376445,3493670.06887155,4533762.35419741,4861668.83879168,5189604.85493645,6237624.55497782
2023-08-14,16:29,AL,10000,Total Number Increase,Adult Male,4720418.36631274,426174.286290998,3421865.65370542,4403520.97036448,4713041.33985493,5022607.21786056,6012036.67751396
2023-08-14,16:29,AL,10000,Total Number Increase,Overall,22119571.9502605,4075599.89417102,9861452.73014537,19081518.0696717,22030281.4030346,24999289.0717351,34620616.1092377
2023-08-14,16:29,AL,10000,Total Number Increase,Neonatal Combined,6577565.7461157,1906158.22859994,902712.699142129,5153981.53849296,6529002.71095407,7920681.86110638,12478273.7011565
2023-08-14,16:29,AL,10000,Total Number Increase,Juvenile Combined,5952121.6876434,1291830.08384645,2043204.30842627,4990253.20661684,5926568.51343392,6866395.13783169,9892681.17558943
2023-08-14,16:29,AL,10000,Total Number Increase,Adult Combined,9589884.51650138,877649.63340583,6915535.72257697,8937283.32456188,9574710.17864662,10212212.072797,12249661.2324918
2023-08-14,16:29,AL,10000,Total Number Increase,Female Combined,10132922.8599221,2032126.46337844,4021191.83226683,8618112.80227856,10088370.9884502,11568755.8173074,16366287.991687
2023-08-14,16:29,AL,10000,Total Number Increase,Male Combined,11986649.0903383,2043473.4315224,5840260.89787855,10463405.2673931,11941910.4145844,13430533.2544276,18254328.1175506
2023-08-14,16:29,AL,10000,Total Mortality,Neonatal Female,0,0,0,0,0,0,0
2023-08-14,16:29,AL,10000,Total Mortality,Neonatal Male,0,0,0,0,0,0,0
2023-08-14,16:29,AL,10000,Total Mortality,Juvenile Female,0,0,0,0,0,0,0
2023-08-14,16:29,AL,10000,Total Mortality,Juvenile Male,0,0,0,0,0,0,0
2023-08-14,16:29,AL,10000,Total Mortality,Adult Female,0,0,0,0,0,0,0
2023-08-14,16:29,AL,10000,Total Mortality,Adult Male,0,0,0,0,0,0,0
2023-08-14,16:29,AL,10000,Total Mortality,Overall,0,0,0,0,0,0,0
2023-08-14,16:29,AL,10000,Total Mortality,Neonatal Combined,0,0,0,0,0,0,0
2023-08-14,16:29,AL,10000,Total Mortality,Juvenile Combined,0,0,0,0,0,0,0
2023-08-14,16:29,AL,10000,Total Mortality,Adult Combined,0,0,0,0,0,0,0
2023-08-14,16:29,AL,10000,Total Mortality,Female Combined,0,0,0,0,0,0,0
2023-08-14,16:29,AL,10000,Total Mortality,Male Combined,0,0,0,0,0,0,0
2023-08-14,16:29,AL,10000,Population Liveweight (kg),Neonatal Female,71152716.9103917,15340352.1904372,27965346.9787966,60060540.2662068,70291273.890803,81362766.2489038,128624554.482291
2023-08-14,16:29,AL,10000,Population Liveweight (kg),Neonatal Male,74804931.7089329,16837410.8329597,30455845.5283303,62691065.156693,73919922.9200267,85877122.7044079,136582143.384028
2023-08-14,16:29,AL,10000,Population Liveweight (kg),Juvenile Female,75771985.8109687,14170306.7332978,37691543.5849248,65394474.1294771,74845478.6407889,85203814.5622995,126894210.492205
2023-08-14,16:29,AL,10000,Population Liveweight (kg),Juvenile Male,62134753.3041744,12350228.1689963,27118717.3848518,53234208.0899151,61416136.3796296,70367154.2065538,112321241.151955
2023-08-14,16:29,AL,10000,Population Liveweight (kg),Adult Female,515193712.186611,30748894.3758077,438807761.616217,492497490.53387,513363310.306206,535850681.175007,621376920.282241
2023-08-14,16:29,AL,10000,Population Liveweight (kg),Adult Male,175366905.041004,22604654.8157748,123510419.612574,158454437.978634,172908777.28435,189993256.570232,259153592.670233
2023-08-14,16:29,AL,10000,Population Liveweight (kg),Overall,974425004.962083,77654090.6683731,735834875.357657,918820066.3173,971030860.776399,1026902346.90467,1277255667.8294
2023-08-14,16:29,AL,10000,Population Liveweight (kg),Neonatal Combined,145957648.619325,28488068.9321841,60225308.1540195,125457886.839421,144431213.888999,164890942.216087,249348391.630115
2023-08-14,16:29,AL,10000,Population Liveweight (kg),Juvenile Combined,137906739.115143,23269929.9743245,70938752.8037085,120927624.096035,136707560.594015,153730658.900031,227951435.922919
2023-08-14,16:29,AL,10000,Population Liveweight (kg),Adult Combined,690560617.227616,41626681.0489013,567079295.876718,661642092.472954,687910034.14975,717544549.544194,850322942.527642
2023-08-14,16:29,AL,10000,Population Liveweight (kg),Female Combined,662118414.907972,46311312.8057187,528429128.990727,629070260.679056,660228507.351543,693520504.694236,824481369.219934
2023-08-14,16:29,AL,10000,Population Liveweight (kg),Male Combined,312306590.054112,40804688.2791375,199469709.518193,282869487.755088,310448581.24423,339740328.055382,480940108.413542
2023-08-14,16:29,AL,10000,Offtake Liveweight (kg),Neonatal Female,0,0,0,0,0,0,0
2023-08-14,16:29,AL,10000,Offtake Liveweight (kg),Neonatal Male,0,0,0,0,0,0,0
2023-08-14,16:29,AL,10000,Offtake Liveweight (kg),Juvenile Female,7312571.41536104,1073561.85325748,4483645.91273731,6535773.18367441,7293910.38262066,8068306.55091836,10971878.8723955
2023-08-14,16:29,AL,10000,Offtake Liveweight (kg),Juvenile Male,25697235.8374495,4117113.88468736,14392143.3889588,22651726.8537488,25603794.740776,28528673.7665816,39423989.2250416
2023-08-14,16:29,AL,10000,Offtake Liveweight (kg),Adult Female,60619486.4429874,3304553.0943125,53135689.7901502,58103819.5763171,60409709.5814097,62975441.100148,70820469.9235636
2023-08-14,16:29,AL,10000,Offtake Liveweight (kg),Adult Male,142026936.214643,16267170.2816006,111058639.701332,129221881.585241,140134825.29829,152683920.762157,203147194.134353
2023-08-14,16:29,AL,10000,Offtake Liveweight (kg),Overall,235656229.910441,17696227.2598211,192752406.418906,222615622.478846,233711839.926206,247413335.884872,306171927.463392
2023-08-14,16:29,AL,10000,Offtake Liveweight (kg),Neonatal Combined,0,0,0,0,0,0,0
2023-08-14,16:29,AL,10000,Offtake Liveweight (kg),Juvenile Combined,33009807.2528105,4517994.0956938,20001105.8289827,29737626.4569046,32835981.2538802,36077927.9189089,49830760.5548452
2023-08-14,16:29,AL,10000,Offtake Liveweight (kg),Adult Combined,202646422.65763,16647984.7210732,165216954.501235,189723969.779521,200857638.572559,213493459.264831,262088834.037346
2023-08-14,16:29,AL,10000,Offtake Liveweight (kg),Female Combined,67932057.8583484,3507746.82538907,59226922.4109477,65284584.9975587,67752895.852044,70344680.2318589,79658295.8539455
2023-08-14,16:29,AL,10000,Offtake Liveweight (kg),Male Combined,167724172.052093,17114000.1431042,129673064.790114,154723542.556145,165668619.421628,179092749.859053,234710048.93824
2023-08-14,16:29,AL,10000,Meat (kg),Neonatal Female,0,0,0,0,0,0,0
2023-08-14,16:29,AL,10000,Meat (kg),Neonatal Male,0,0,0,0,0,0,0
2023-08-14,16:29,AL,10000,Meat (kg),Juvenile Female,3071279.99445164,450895.978368142,1883131.28334967,2745024.73714325,3063442.36070068,3388688.75138571,4608189.12640612
2023-08-14,16:29,AL,10000,Meat (kg),Juvenile Male,10792839.0517288,1729187.83156869,6044700.22336269,9513725.2785745,10753593.7911259,11982042.9819643,16558075.4745175
2023-08-14,16:29,AL,10000,Meat (kg),Adult Female,25460184.3060547,1387912.29961125,22316989.7118631,24403604.2220532,25372078.0241921,26449685.2620621,29744597.3678967
2023-08-14,16:29,AL,10000,Meat (kg),Adult Male,59651313.2101501,6832211.51827227,46644628.6745596,54273190.2658013,58856626.6252819,64127246.7201061,85321821.5364281
2023-08-14,16:29,AL,10000,Meat (kg),Overall,98975616.5623852,7432415.44912485,80956010.6959407,93498561.4411154,98158972.7690064,103913601.071646,128592209.534625
2023-08-14,16:29,AL,10000,Meat (kg),Neonatal Combined,0,0,0,0,0,0,0
2023-08-14,16:29,AL,10000,Meat (kg),Juvenile Combined,13864119.0461804,1897557.52019139,8400464.44817274,12489803.1118999,13791112.1266297,15152729.7259417,20928919.433035
2023-08-14,16:29,AL,10000,Meat (kg),Adult Combined,85111497.5162048,6992153.58285075,69391120.8905187,79684067.3073988,84360208.2004748,89667252.891229,110077310.295685
2023-08-14,16:29,AL,10000,Meat (kg),Female Combined,28531464.3005063,1473253.66666341,24875307.412598,27419525.6989746,28456216.2578585,29544765.6973807,33456484.2586571
2023-08-14,16:29,AL,10000,Meat (kg),Male Combined,70444152.2618789,7187880.06010376,54462687.2118478,64983887.8735807,69580820.1570837,75218954.9408023,98578220.5540607
2023-08-14,16:29,AL,10000,Manure,Neonatal Female,172878563.859087,36528108.8728897,63990203.4546502,146947086.172153,170449787.815791,196226684.740106,351065735.178742
2023-08-14,16:29,AL,10000,Manure,Neonatal Male,160125951.45853,34936051.1467326,57803524.025157,135266099.239804,157616005.730249,182508813.957269,331425935.996069
2023-08-14,16:29,AL,10000,Manure,Juvenile Female,253409060.26296,23907310.379183,177925241.352085,236830886.968558,252418507.836583,269735647.2351,362425921.144593
2023-08-14,16:29,AL,10000,Manure,Juvenile Male,182040858.468373,20662359.9730242,119420809.605997,167403347.493311,181134632.422154,196247170.504962,273355500.346172
2023-08-14,16:29,AL,10000,Manure,Adult Female,1825920217.511,19466595.8070994,1756989446.65591,1812455017.64352,1825717462.00142,1839269024.05387,1889734225.17534
2023-08-14,16:29,AL,10000,Manure,Adult Male,565877785.226516,13148809.104458,524159027.379469,556407715.985241,565671207.091233,575076062.583684,608998371.482735
2023-08-14,16:29,AL,10000,Manure,Overall,3160252436.78647,128029474.398598,2780753820.14462,3067048242.23803,3153758925.71961,3246865807.91481,3667504642.36374
2023-08-14,16:29,AL,10000,Manure,Neonatal Combined,333004515.317617,71451862.6383239,121793727.479807,282228263.604763,328004736.716103,378517360.167178,682491671.174811
2023-08-14,16:29,AL,10000,Manure,Juvenile Combined,435449918.731333,44512775.0232542,299498831.535429,404158088.25916,433509401.598661,465883264.297747,635781421.490766
2023-08-14,16:29,AL,10000,Manure,Adult Combined,2391798002.73752,31999513.8643223,2283504301.79281,2369283930.81667,2391262128.88991,2413927099.98636,2498732596.65808
2023-08-14,16:29,AL,10000,Manure,Female Combined,2252207841.63305,67276644.6729337,2052255599.403,2203823678.55199,2249038136.90217,2297652827.14329,2511837070.11323
2023-08-14,16:29,AL,10000,Manure,Male Combined,908044595.153419,61021694.732231,727823948.413307,863432601.918399,905031047.690993,949382222.542584,1155667572.25051
2023-08-14,16:29,AL,10000,Hides,Neonatal Female,0,0,0,0,0,0,0
2023-08-14,16:29,AL,10000,Hides,Neonatal Male,0,0,0,0,0,0,0
2023-08-14,16:29,AL,10000,Hides,Juvenile Female,0,0,0,0,0,0,0
2023-08-14,16:29,AL,10000,Hides,Juvenile Male,0,0,0,0,0,0,0
2023-08-14,16:29,AL,10000,Hides,Adult Female,0,0,0,0,0,0,0
2023-08-14,16:29,AL,10000,Hides,Adult Male,0,0,0,0,0,0,0
2023-08-14,16:29,AL,10000,Hides,Overall,0,0,0,0,0,0,0
2023-08-14,16:29,AL,10000,Hides,Neonatal Combined,0,0,0,0,0,0,0
2023-08-14,16:29,AL,10000,Hides,Juvenile Combined,0,0,0,0,0,0,0
2023-08-14,16:29,AL,10000,Hides,Adult Combined,0,0,0,0,0,0,0
2023-08-14,16:29,AL,10000,Hides,Female Combined,0,0,0,0,0,0,0
2023-08-14,16:29,AL,10000,Hides,Male Combined,0,0,0,0,0,0,0
2023-08-14,16:29,AL,10000,Milk,Neonatal Female,0,0,0,0,0,0,0
2023-08-14,16:29,AL,10000,Milk,Neonatal Male,0,0,0,0,0,0,0
2023-08-14,16:29,AL,10000,Milk,Juvenile Female,0,0,0,0,0,0,0
2023-08-14,16:29,AL,10000,Milk,Juvenile Male,0,0,0,0,0,0,0
2023-08-14,16:29,AL,10000,Milk,Adult Female,1675434754.21439,214987597.887408,1114821370.57276,1516373186.92418,1681132993.98637,1837965151.73454,2229808688.89449
2023-08-14,16:29,AL,10000,Milk,Adult Male,0,0,0,0,0,0,0
2023-08-14,16:29,AL,10000,Milk,Overall,1675434754.21439,214987597.887408,1114821370.57276,1516373186.92418,1681132993.98637,1837965151.73454,2229808688.89449
2023-08-14,16:29,AL,10000,Milk,Neonatal Combined,0,0,0,0,0,0,0
2023-08-14,16:29,AL,10000,Milk,Juvenile Combined,0,0,0,0,0,0,0
2023-08-14,16:29,AL,10000,Milk,Adult Combined,1675434754.21439,214987597.887408,1114821370.57276,1516373186.92418,1681132993.98637,1837965151.73454,2229808688.89449
2023-08-14,16:29,AL,10000,Milk,Female Combined,1675434754.21439,214987597.887408,1114821370.57276,1516373186.92418,1681132993.98637,1837965151.73454,2229808688.89449
2023-08-14,16:29,AL,10000,Milk,Male Combined,0,0,0,0,0,0,0
2023-08-14,16:29,AL,10000,Wool,Neonatal Female,0,0,0,0,0,0,0
2023-08-14,16:29,AL,10000,Wool,Neonatal Male,0,0,0,0,0,0,0
2023-08-14,16:29,AL,10000,Wool,Juvenile Female,0,0,0,0,0,0,0
2023-08-14,16:29,AL,10000,Wool,Juvenile Male,0,0,0,0,0,0,0
2023-08-14,16:29,AL,10000,Wool,Adult Female,0,0,0,0,0,0,0
2023-08-14,16:29,AL,10000,Wool,Adult Male,0,0,0,0,0,0,0
2023-08-14,16:29,AL,10000,Wool,Overall,0,0,0,0,0,0,0
2023-08-14,16:29,AL,10000,Wool,Neonatal Combined,0,0,0,0,0,0,0
2023-08-14,16:29,AL,10000,Wool,Juvenile Combined,0,0,0,0,0,0,0
2023-08-14,16:29,AL,10000,Wool,Adult Combined,0,0,0,0,0,0,0
2023-08-14,16:29,AL,10000,Wool,Female Combined,0,0,0,0,0,0,0
2023-08-14,16:29,AL,10000,Wool,Male Combined,0,0,0,0,0,0,0
2023-08-14,16:29,AL,10000,Cml Dry Matter,Neonatal Female,551070782.94281,103782622.821274,245825761.489587,476924042.082384,547122606.991555,621607470.175627,912891276.527349
2023-08-14,16:29,AL,10000,Cml Dry Matter,Neonatal Male,545782430.178837,111726203.645417,215591431.484401,464715915.145726,541422801.806787,623965139.117246,931446378.627952
2023-08-14,16:29,AL,10000,Cml Dry Matter,Juvenile Female,551794646.600884,83577819.0783673,307701241.960478,491747827.390753,549530894.7542,609641645.723063,877332242.998521
2023-08-14,16:29,AL,10000,Cml Dry Matter,Juvenile Male,408465570.94845,67811281.4001515,231418275.562648,358751280.201285,405600316.790417,454123965.883363,636022985.714259
2023-08-14,16:29,AL,10000,Cml Dry Matter,Adult Female,4423935362.97535,245764264.343922,3865209922.73829,4234436040.82313,4404495106.51108,4598014913.59039,5205423681.68156
2023-08-14,16:29,AL,10000,Cml Dry Matter,Adult Male,1516247632.6553,175765643.066634,1164186871.65338,1379386210.15679,1494018826.03265,1631725710.46643,2162579158.0483
2023-08-14,16:29,AL,10000,Cml Dry Matter,Overall,7997296426.30163,446032680.128187,6612483276.63475,7684324890.90341,7979296632.35574,8293644674.14896,9703798068.29561
2023-08-14,16:29,AL,10000,Cml Dry Matter,Neonatal Combined,1096853213.12165,184574329.372559,546291335.479677,963662392.306253,1089548459.95865,1220803106.57628,1797312656.91393
2023-08-14,16:29,AL,10000,Cml Dry Matter,Juvenile Combined,960260217.549334,123472880.693781,542018306.248755,873201766.094633,953098852.218771,1043704920.90612,1436169592.63599
2023-08-14,16:29,AL,10000,Cml Dry Matter,Adult Combined,5940182995.63065,303130804.563774,5060339675.92089,5722168058.45451,5924770932.10427,6144763940.69386,6997090138.0523
2023-08-14,16:29,AL,10000,Cml Dry Matter,Female Combined,5526800792.51904,305064860.528303,4634534068.17178,5305463024.38583,5514847852.54298,5731257973.80086,6747215203.00494
2023-08-14,16:29,AL,10000,Cml Dry Matter,Male Combined,2470495633.78259,251242263.897788,1713192401.07842,2289331630.91245,2456700440.04672,2638809920.83708,3503374678.6698
2023-08-14,16:29,AL,10000,Value of Offtake,Neonatal Female,0,0,0,0,0,0,0
2023-08-14,16:29,AL,10000,Value of Offtake,Neonatal Male,0,0,0,0,0,0,0
2023-08-14,16:29,AL,10000,Value of Offtake,Juvenile Female,968654719.60155,156994174.056043,564834817.224886,853316717.860005,960448760.428167,1078414590.8698,1510467135.8915
2023-08-14,16:29,AL,10000,Value of Offtake,Juvenile Male,3941459707.5731,706122487.151101,1979489755.89198,3431997656.57015,3929827606.41673,4435253659.39539,6588444708.09056
2023-08-14,16:29,AL,10000,Value of Offtake,Adult Female,6292199753.16223,815068285.285148,4335543545.64288,5677161830.52243,6279080448.23107,6883074755.94154,8486789081.57775
2023-08-14,16:29,AL,10000,Value of Offtake,Adult Male,20186896291.8633,2898933440.65613,12507322719.0403,18062898818.9583,20183853602.3848,22342349669.9729,27762640409.3798
2023-08-14,16:29,AL,10000,Value of Offtake,Overall,31389210472.2002,3194912605.83967,22110068776.8495,29050418673.6345,31393182600.2216,33653761480.4223,41486128094.3369
2023-08-14,16:29,AL,10000,Value of Offtake,Neonatal Combined,0,0,0,0,0,0,0
2023-08-14,16:29,AL,10000,Value of Offtake,Juvenile Combined,4910114427.17465,756060287.06272,2591190098.79111,4367054229.78734,4895866815.78798,5426458738.86483,7961629478.50111
2023-08-14,16:29,AL,10000,Value of Offtake,Adult Combined,26479096045.0255,3052658313.00255,17719104955.1384,24282170886.7381,26497295117.6372,28671228807.5235,35133738218.7094
2023-08-14,16:29,AL,10000,Value of Offtake,Female Combined,7260854472.76378,833440548.021385,5137100779.91252,6633104926.44314,7243671040.85146,7862324755.05704,9790584514.7912
2023-08-14,16:29,AL,10000,Value of Offtake,Male Combined,24128355999.4364,3020530922.65131,15975609213.0794,21915062816.6585,24126969509.4954,26320634489.7997,33058702573.3828
2023-08-14,16:29,AL,10000,Value of Herd Increase,Neonatal Female,4793050349.92687,1666510747.72205,51956751.1421629,3563638320.61472,4713421650.98453,5939003666.7511,10915742649.0964
2023-08-14,16:29,AL,10000,Value of Herd Increase,Neonatal Male,6608919995.88296,1795052301.50688,1458747005.44704,5306244110.3072,6530458124.22284,7819725516.51185,13544626458.8512
2023-08-14,16:29,AL,10000,Value of Herd Increase,Juvenile Female,4357593082.90519,1488872714.75615,387814181.053555,3251521926.67528,4281642169.54524,5332750841.68515,10312240196.5898
2023-08-14,16:29,AL,10000,Value of Herd Increase,Juvenile Male,5483812300.40491,1658293302.16235,1278777011.47398,4263983265.26319,5334847561.32176,6575308206.49469,11402057396.5879
2023-08-14,16:29,AL,10000,Value of Herd Increase,Adult Female,7842648659.96604,1622558558.63921,3229882784.13678,6671281043.14584,7729125413.23422,8900276648.74555,14043463176.8988
2023-08-14,16:29,AL,10000,Value of Herd Increase,Adult Male,512756521.194429,1545855579.92163,-4787480319.2373,-610094080.519188,480960160.136809,1579767727.66118,6401390599.37429
2023-08-14,16:29,AL,10000,Value of Herd Increase,Overall,29598780910.2804,8993461460.83404,3370435796.28854,22994867012.908,29369979638.7291,35889179920.5894,60991321289.131
2023-08-14,16:29,AL,10000,Value of Herd Increase,Neonatal Combined,11401970345.8098,3376388735.32152,1510703756.5892,8903290137.70646,11276831313.8258,13723663141.9844,23870353715.0129
2023-08-14,16:29,AL,10000,Value of Herd Increase,Juvenile Combined,9841405383.3101,2957802200.98149,1900030135.73486,7687090342.03112,9690208101.69035,11826699799.415,21031332279.3116
2023-08-14,16:29,AL,10000,Value of Herd Increase,Adult Combined,8355405181.16047,2985194756.46479,-1214166894.04356,6198914127.97428,8276215542.83436,10388859578.9034,19251537314.2191
2023-08-14,16:29,AL,10000,Value of Herd Increase,Female Combined,16993292092.7981,4399541043.88787,4439972236.07104,13767737155.7038,16896659429.7618,20014972604.6712,34054995413.4883
2023-08-14,16:29,AL,10000,Value of Herd Increase,Male Combined,12605488817.4823,4754613094.36366,-1284004567.02779,9140454685.08805,12468253356.5999,15922716282.4236,29622815673.8109
2023-08-14,16:29,AL,10000,Value of Herd Increase plus Offtake,Neonatal Female,4793050349.92687,1666510747.72205,51956751.1421629,3563638320.61472,4713421650.98453,5939003666.7511,10915742649.0964
2023-08-14,16:29,AL,10000,Value of Herd Increase plus Offtake,Neonatal Male,6608919995.88296,1795052301.50688,1458747005.44704,5306244110.3072,6530458124.22284,7819725516.51185,13544626458.8512
2023-08-14,16:29,AL,10000,Value of Herd Increase plus Offtake,Juvenile Female,5326247802.50674,1557879108.69257,995306209.796763,4162018840.11414,5246349196.24707,6354890398.99615,11348635408.7012
2023-08-14,16:29,AL,10000,Value of Herd Increase plus Offtake,Juvenile Male,9425272007.978,2063756626.40666,3655565406.57354,7907554500.09985,9266360361.44335,10772420222.0409,17044715615.945
2023-08-14,16:29,AL,10000,Value of Herd Increase plus Offtake,Adult Female,14134848413.1283,1846936922.15568,8626187110.27129,12819677447.9039,14048254401.9996,15390193338.9052,21043656923.0406
2023-08-14,16:29,AL,10000,Value of Herd Increase plus Offtake,Adult Male,20699652813.0577,3444575499.57828,10905216407.0763,18235462809.7983,20628330432.3633,23139793913.3497,32432732774.668
2023-08-14,16:29,AL,10000,Value of Herd Increase plus Offtake,Overall,60987991382.4806,10280689103.4344,28784646459.6726,53626460784.4585,60704314374.0699,68208307549.3793,96689205738.8287
2023-08-14,16:29,AL,10000,Value of Herd Increase plus Offtake,Neonatal Combined,11401970345.8098,3376388735.32152,1510703756.5892,8903290137.70646,11276831313.8258,13723663141.9844,23870353715.0129
2023-08-14,16:29,AL,10000,Value of Herd Increase plus Offtake,Juvenile Combined,14751519810.4847,3413355884.23399,4896988786.85915,12276691362.4809,14593953739.7403,17067888998.1661,27972283183.4273
2023-08-14,16:29,AL,10000,Value of Herd Increase plus Offtake,Adult Combined,34834501226.186,4526110008.97854,21284877408.3089,31673033359.4382,34720590580.307,38005959548.3115,51104746064.7801
2023-08-14,16:29,AL,10000,Value of Herd Increase plus Offtake,Female Combined,24254146565.5619,4591615222.30064,10819751525.696,20911474138.7806,24099383481.7723,27441523345.4508,41233667498.0533
2023-08-14,16:29,AL,10000,Value of Herd Increase plus Offtake,Male Combined,36733844816.9187,6185209525.78245,17633761247.3783,32305414012.2944,36584703049.1497,40985203767.6089,60267414344.2413
2023-08-14,16:29,AL,10000,Value of Manure,Neonatal Female,86439281.9295437,18264054.4364449,31995101.7273251,73473543.0860766,85224893.9078955,98113342.370053,175532867.589371
2023-08-14,16:29,AL,10000,Value of Manure,Neonatal Male,80062975.729265,17468025.5733663,28901762.0125785,67633049.6199018,78808002.8651245,91254406.9786346,165712967.998034
2023-08-14,16:29,AL,10000,Value of Manure,Juvenile Female,126704530.13148,11953655.1895915,88962620.6760426,118415443.484279,126209253.918292,134867823.61755,181212960.572297
2023-08-14,16:29,AL,10000,Value of Manure,Juvenile Male,91020429.2341864,10331179.9865121,59710404.8029985,83701673.7466556,90567316.2110771,98123585.2524808,136677750.173086
2023-08-14,16:29,AL,10000,Value of Manure,Adult Female,912960108.755501,9733297.90354969,878494723.327957,906227508.821759,912858731.000712,919634512.026933,944867112.587672
2023-08-14,16:29,AL,10000,Value of Manure,Adult Male,282938892.613258,6574404.552229,262079513.689734,278203857.992621,282835603.545617,287538031.291842,304499185.741367
2023-08-14,16:29,AL,10000,Value of Manure,Overall,1580126218.39323,64014737.1992991,1390376910.07231,1533524121.11901,1576879462.85981,1623432903.95741,1833752321.18187
2023-08-14,16:29,AL,10000,Value of Manure,Neonatal Combined,166502257.658809,35725931.319162,60896863.7399036,141114131.802381,164002368.358052,189258680.083589,341245835.587405
2023-08-14,16:29,AL,10000,Value of Manure,Juvenile Combined,217724959.365667,22256387.5116271,149749415.767715,202079044.12958,216754700.799331,232941632.148874,317890710.745383
2023-08-14,16:29,AL,10000,Value of Manure,Adult Combined,1195899001.36876,15999756.9321611,1141752150.8964,1184641965.40833,1195631064.44496,1206963549.99318,1249366298.32904
2023-08-14,16:29,AL,10000,Value of Manure,Female Combined,1126103920.81652,33638322.3364669,1026127799.7015,1101911839.276,1124519068.45108,1148826413.57165,1255918535.05662
2023-08-14,16:29,AL,10000,Value of Manure,Male Combined,454022297.576709,30510847.3661155,363911974.206653,431716300.9592,452515523.845496,474691111.271292,577833786.125257
2023-08-14,16:29,AL,10000,Value of Hides,Neonatal Female,0,0,0,0,0,0,0
2023-08-14,16:29,AL,10000,Value of Hides,Neonatal Male,0,0,0,0,0,0,0
2023-08-14,16:29,AL,10000,Value of Hides,Juvenile Female,0,0,0,0,0,0,0
2023-08-14,16:29,AL,10000,Value of Hides,Juvenile Male,0,0,0,0,0,0,0
2023-08-14,16:29,AL,10000,Value of Hides,Adult Female,0,0,0,0,0,0,0
2023-08-14,16:29,AL,10000,Value of Hides,Adult Male,0,0,0,0,0,0,0
2023-08-14,16:29,AL,10000,Value of Hides,Overall,0,0,0,0,0,0,0
2023-08-14,16:29,AL,10000,Value of Hides,Neonatal Combined,0,0,0,0,0,0,0
2023-08-14,16:29,AL,10000,Value of Hides,Juvenile Combined,0,0,0,0,0,0,0
2023-08-14,16:29,AL,10000,Value of Hides,Adult Combined,0,0,0,0,0,0,0
2023-08-14,16:29,AL,10000,Value of Hides,Female Combined,0,0,0,0,0,0,0
2023-08-14,16:29,AL,10000,Value of Hides,Male Combined,0,0,0,0,0,0,0
2023-08-14,16:29,AL,10000,Value of Milk,Neonatal Female,0,0,0,0,0,0,0
2023-08-14,16:29,AL,10000,Value of Milk,Neonatal Male,0,0,0,0,0,0,0
2023-08-14,16:29,AL,10000,Value of Milk,Juvenile Female,0,0,0,0,0,0,0
2023-08-14,16:29,AL,10000,Value of Milk,Juvenile Male,0,0,0,0,0,0,0
2023-08-14,16:29,AL,10000,Value of Milk,Adult Female,67017390168.5754,8599503915.49631,44592854822.9103,60654927476.9673,67245319759.4548,73518606069.3817,89192347555.7796
2023-08-14,16:29,AL,10000,Value of Milk,Adult Male,0,0,0,0,0,0,0
2023-08-14,16:29,AL,10000,Value of Milk,Overall,67017390168.5754,8599503915.49631,44592854822.9103,60654927476.9673,67245319759.4548,73518606069.3817,89192347555.7796
2023-08-14,16:29,AL,10000,Value of Milk,Neonatal Combined,0,0,0,0,0,0,0
2023-08-14,16:29,AL,10000,Value of Milk,Juvenile Combined,0,0,0,0,0,0,0
2023-08-14,16:29,AL,10000,Value of Milk,Adult Combined,67017390168.5754,8599503915.49631,44592854822.9103,60654927476.9673,67245319759.4548,73518606069.3817,89192347555.7796
2023-08-14,16:29,AL,10000,Value of Milk,Female Combined,67017390168.5754,8599503915.49631,44592854822.9103,60654927476.9673,67245319759.4548,73518606069.3817,89192347555.7796
2023-08-14,16:29,AL,10000,Value of Milk,Male Combined,0,0,0,0,0,0,0
2023-08-14,16:29,AL,10000,Total Production Value,Neonatal Female,4879489631.85641,1677626032.74382,110146615.8929,3640313366.44945,4802901703.90685,6031261106.31468,11002577355.1523
2023-08-14,16:29,AL,10000,Total Production Value,Neonatal Male,6688982971.61222,1805848856.42981,1509852212.07615,5377953937.12822,6608367263.27605,7906124428.69623,13659405195.0317
2023-08-14,16:29,AL,10000,Total Production Value,Juvenile Female,5452952332.63822,1567065430.1332,1094424425.59768,4280123236.04237,5372327295.69062,6488662012.58098,11508182395.779
2023-08-14,16:29,AL,10000,Total Production Value,Juvenile Male,9516292437.21219,2071712086.39931,3720525313.86944,7994843431.42853,9357108215.01023,10870991155.8772,17155677371.9139
2023-08-14,16:29,AL,10000,Total Production Value,Adult Female,82065198690.4592,8892579962.42403,57618308961.1017,75531546730.2079,82193246628.5693,88691323296.5622,109810824279.893
2023-08-14,16:29,AL,10000,Total Production Value,Adult Male,20982591705.671,3448012381.09538,11176883727.1051,18517975179.6921,20911670026.6418,23421662039.4294,32727868033.7043
2023-08-14,16:29,AL,10000,Total Production Value,Overall,129585507769.449,13881684999.5451,84374706911.794,119804341328.088,129362218847.841,138982531421.779,181796810468.841
2023-08-14,16:29,AL,10000,Total Production Value,Neonatal Combined,11568472603.4686,3398836849.87266,1619998827.96905,9052813152.21272,11443187776.4191,13906020207.0945,24106690115.0622
2023-08-14,16:29,AL,10000,Total Production Value,Juvenile Combined,14969244769.8504,3431446242.86023,5060389106.50568,12473881585.4337,14813005722.9319,17299070889.773,28231447246.2006
2023-08-14,16:29,AL,10000,Total Production Value,Adult Combined,103047790396.13,9901103039.83656,70843953062.7367,96058802171.8133,103133889318.177,110105819517.193,136449367785.72
2023-08-14,16:29,AL,10000,Total Production Value,Female Combined,92397640654.9538,10044412530.4967,62849400276.4716,85360473526.5581,92416084432.2454,99568568385.201,126436862553.239
2023-08-14,16:29,AL,10000,Total Production Value,Male Combined,37187867114.4954,6208653230.38725,18000487156.7903,32757548964.8029,37042068995.1417,41451410992.4666,60785432033.2091
2023-08-14,16:29,AL,10000,Feed Cost,Neonatal Female,0,0,0,0,0,0,0
2023-08-14,16:29,AL,10000,Feed Cost,Neonatal Male,0,0,0,0,0,0,0
2023-08-14,16:29,AL,10000,Feed Cost,Juvenile Female,0,0,0,0,0,0,0
2023-08-14,16:29,AL,10000,Feed Cost,Juvenile Male,0,0,0,0,0,0,0
2023-08-14,16:29,AL,10000,Feed Cost,Adult Female,0,0,0,0,0,0,0
2023-08-14,16:29,AL,10000,Feed Cost,Adult Male,0,0,0,0,0,0,0
2023-08-14,16:29,AL,10000,Feed Cost,Overall,0,0,0,0,0,0,0
2023-08-14,16:29,AL,10000,Feed Cost,Neonatal Combined,0,0,0,0,0,0,0
2023-08-14,16:29,AL,10000,Feed Cost,Juvenile Combined,0,0,0,0,0,0,0
2023-08-14,16:29,AL,10000,Feed Cost,Adult Combined,0,0,0,0,0,0,0
2023-08-14,16:29,AL,10000,Feed Cost,Female Combined,0,0,0,0,0,0,0
2023-08-14,16:29,AL,10000,Feed Cost,Male Combined,0,0,0,0,0,0,0
2023-08-14,16:29,AL,10000,Labour Cost,Neonatal Female,1636647646.75472,363078784.66471,751664219.298179,1368424861.00229,1595804539.54505,1867831711.71785,3187715273.63381
2023-08-14,16:29,AL,10000,Labour Cost,Neonatal Male,1515903904.41242,346116337.806757,660148556.926429,1261471991.24171,1477229169.72337,1735664319.57714,3014262695.50226
2023-08-14,16:29,AL,10000,Labour Cost,Juvenile Female,1201856528.20167,234850736.388398,679808696.218064,1023809920.76718,1177790119.07382,1354770088.32108,2102088623.72974
2023-08-14,16:29,AL,10000,Labour Cost,Juvenile Male,863393473.957647,177622611.952051,452061130.27839,730561387.640231,844397102.744829,978226443.5687,1583452160.64134
2023-08-14,16:29,AL,10000,Labour Cost,Adult Female,5764181103.55141,1022549433.13209,3791760265.88415,4972340449.03086,5658933073.48941,6467757522.19453,9074838751.15574
2023-08-14,16:29,AL,10000,Labour Cost,Adult Male,1786434959.43312,319348049.210826,1162641208.36032,1540622907.68526,1752432362.03229,2002702596.41566,2833503901.88619
2023-08-14,16:29,AL,10000,Labour Cost,Overall,12768417616.311,2375614056.06267,7801029144.40859,10943620451.9785,12523767006.1998,14320764164.8579,21251667788.3496
2023-08-14,16:29,AL,10000,Labour Cost,Neonatal Combined,3152551551.16713,709075499.149793,1411812776.22461,2629411859.52455,3074124626.44589,3603343432.95794,6201977969.13607
2023-08-14,16:29,AL,10000,Labour Cost,Juvenile Combined,2065250002.15932,411991988.024537,1131908861.72021,1754522912.80477,2023330485.81722,2333197746.69311,3684994671.86921
2023-08-14,16:29,AL,10000,Labour Cost,Adult Combined,7550616062.98453,1341129092.96782,4954401474.24447,6512073782.39914,7410904352.69868,8473094317.36415,11867934832.4004
2023-08-14,16:29,AL,10000,Labour Cost,Female Combined,8602685278.5078,1569243536.24986,5419307213.22487,7393122565.82722,8431901553.57886,9650553860.84873,13936300064.818
2023-08-14,16:29,AL,10000,Labour Cost,Male Combined,4165732337.80318,817497146.112424,2342423483.92385,3545411933.57336,4081293967.62906,4698602767.66197,7318945820.29548
2023-08-14,16:29,AL,10000,Health Cost,Neonatal Female,0,0,0,0,0,0,0
2023-08-14,16:29,AL,10000,Health Cost,Neonatal Male,0,0,0,0,0,0,0
2023-08-14,16:29,AL,10000,Health Cost,Juvenile Female,0,0,0,0,0,0,0
2023-08-14,16:29,AL,10000,Health Cost,Juvenile Male,0,0,0,0,0,0,0
2023-08-14,16:29,AL,10000,Health Cost,Adult Female,0,0,0,0,0,0,0
2023-08-14,16:29,AL,10000,Health Cost,Adult Male,0,0,0,0,0,0,0
2023-08-14,16:29,AL,10000,Health Cost,Overall,0,0,0,0,0,0,0
2023-08-14,16:29,AL,10000,Health Cost,Neonatal Combined,0,0,0,0,0,0,0
2023-08-14,16:29,AL,10000,Health Cost,Juvenile Combined,0,0,0,0,0,0,0
2023-08-14,16:29,AL,10000,Health Cost,Adult Combined,0,0,0,0,0,0,0
2023-08-14,16:29,AL,10000,Health Cost,Female Combined,0,0,0,0,0,0,0
2023-08-14,16:29,AL,10000,Health Cost,Male Combined,0,0,0,0,0,0,0
2023-08-14,16:29,AL,10000,Capital Cost,Neonatal Female,0,0,0,0,0,0,0
2023-08-14,16:29,AL,10000,Capital Cost,Neonatal Male,0,0,0,0,0,0,0
2023-08-14,16:29,AL,10000,Capital Cost,Juvenile Female,0,0,0,0,0,0,0
2023-08-14,16:29,AL,10000,Capital Cost,Juvenile Male,0,0,0,0,0,0,0
2023-08-14,16:29,AL,10000,Capital Cost,Adult Female,0,0,0,0,0,0,0
2023-08-14,16:29,AL,10000,Capital Cost,Adult Male,0,0,0,0,0,0,0
2023-08-14,16:29,AL,10000,Capital Cost,Overall,0,0,0,0,0,0,0
2023-08-14,16:29,AL,10000,Capital Cost,Neonatal Combined,0,0,0,0,0,0,0
2023-08-14,16:29,AL,10000,Capital Cost,Juvenile Combined,0,0,0,0,0,0,0
2023-08-14,16:29,AL,10000,Capital Cost,Adult Combined,0,0,0,0,0,0,0
2023-08-14,16:29,AL,10000,Capital Cost,Female Combined,0,0,0,0,0,0,0
2023-08-14,16:29,AL,10000,Capital Cost,Male Combined,0,0,0,0,0,0,0
2023-08-14,16:29,AL,10000,Infrastructure Cost,Neonatal Female,2931658,0,2931658,2931658,2931658,2931658,2931658
2023-08-14,16:29,AL,10000,Infrastructure Cost,Neonatal Male,1974212,0,1974212,1974212,1974212,1974212,1974212
2023-08-14,16:29,AL,10000,Infrastructure Cost,Juvenile Female,2563862,0,2563862,2563862,2563862,2563862,2563862
2023-08-14,16:29,AL,10000,Infrastructure Cost,Juvenile Male,1533797,0,1533797,1533797,1533797,1533797,1533797
2023-08-14,16:29,AL,10000,Infrastructure Cost,Adult Female,15741790,0,15741790,15741790,15741790,15741790,15741790
2023-08-14,16:29,AL,10000,Infrastructure Cost,Adult Male,5555576,0,5555576,5555576,5555576,5555576,5555576
2023-08-14,16:29,AL,10000,Infrastructure Cost,Overall,30300895,0,30300895,30300895,30300895,30300895,30300895
2023-08-14,16:29,AL,10000,Infrastructure Cost,Neonatal Combined,4905870,0,4905870,4905870,4905870,4905870,4905870
2023-08-14,16:29,AL,10000,Infrastructure Cost,Juvenile Combined,4097659,0,4097659,4097659,4097659,4097659,4097659
2023-08-14,16:29,AL,10000,Infrastructure Cost,Adult Combined,21297366,0,21297366,21297366,21297366,21297366,21297366
2023-08-14,16:29,AL,10000,Infrastructure Cost,Female Combined,21237310,0,21237310,21237310,21237310,21237310,21237310
2023-08-14,16:29,AL,10000,Infrastructure Cost,Male Combined,9063585,0,9063585,9063585,9063585,9063585,9063585
2023-08-14,16:29,AL,10000,Total Expenditure,Neonatal Female,1639579304.75472,363078784.66471,754595877.298179,1371356519.00229,1598736197.54505,1870763369.71785,3190646931.63381
2023-08-14,16:29,AL,10000,Total Expenditure,Neonatal Male,1517878116.41242,346116337.806757,662122768.926429,1263446203.24171,1479203381.72337,1737638531.57714,3016236907.50226
2023-08-14,16:29,AL,10000,Total Expenditure,Juvenile Female,1204420390.20167,234850736.388398,682372558.218064,1026373782.76718,1180353981.07382,1357333950.32108,2104652485.72974
2023-08-14,16:29,AL,10000,Total Expenditure,Juvenile Male,864927270.957647,177622611.952051,453594927.27839,732095184.640231,845930899.744829,979760240.5687,1584985957.64134
2023-08-14,16:29,AL,10000,Total Expenditure,Adult Female,5779922893.55141,1022549433.13209,3807502055.88415,4988082239.03086,5674674863.48941,6483499312.19453,9090580541.15574
2023-08-14,16:29,AL,10000,Total Expenditure,Adult Male,1791990535.43312,319348049.210826,1168196784.36032,1546178483.68526,1757987938.03229,2008258172.41566,2839059477.88619
2023-08-14,16:29,AL,10000,Total Expenditure,Overall,12798718511.311,2375614056.06267,7831330039.40859,10973921346.9785,12554067901.1998,14351065059.8579,21281968683.3496
2023-08-14,16:29,AL,10000,Total Expenditure,Neonatal Combined,3157457421.16713,709075499.149793,1416718646.22461,2634317729.52455,3079030496.44589,3608249302.95794,6206883839.13607
2023-08-14,16:29,AL,10000,Total Expenditure,Juvenile Combined,2069347661.15932,411991988.024537,1136006520.72021,1758620571.80477,2027428144.81722,2337295405.69311,3689092330.86921
2023-08-14,16:29,AL,10000,Total Expenditure,Adult Combined,7571913428.98453,1341129092.96782,4975698840.24447,6533371148.39914,7432201718.69868,8494391683.36415,11889232198.4004
2023-08-14,16:29,AL,10000,Total Expenditure,Female Combined,8623922588.5078,1569243536.24986,5440544523.22487,7414359875.82722,8453138863.57886,9671791170.84873,13957537374.818
2023-08-14,16:29,AL,10000,Total Expenditure,Male Combined,4174795922.80318,817497146.112424,2351487068.92385,3554475518.57336,4090357552.62906,4707666352.66197,7328009405.29548
2023-08-14,16:29,AL,10000,Gross Margin,Neonatal Female,3239910327.1017,1500100738.04884,-755020627.509779,2139064133.29021,3156910560.40279,4249885952.65305,9228130381.48198
2023-08-14,16:29,AL,10000,Gross Margin,Neonatal Male,5171104855.19981,1626452662.88304,847729443.14972,3984197899.94925,5074974914.54996,6261199254.19401,11277848982.828
2023-08-14,16:29,AL,10000,Gross Margin,Juvenile Female,4248531942.43655,1494508193.2372,384666306.969897,3147371537.02706,4162728662.30761,5228048276.23638,10251709910.2677
2023-08-14,16:29,AL,10000,Gross Margin,Juvenile Male,8651365166.25454,2003021088.77862,3088483983.44896,7191240584.86757,8504188031.33384,9963262113.54924,15789408547.2679
2023-08-14,16:29,AL,10000,Gross Margin,Adult Female,76285275796.9078,8934272871.3892,51482184302.5338,69776417593.7588,76455524807.5878,82909058256.6192,102327760677.389
2023-08-14,16:29,AL,10000,Gross Margin,Adult Male,19190601170.2379,3440366849.89947,9128016886.92968,16724300231.9187,19146596440.3905,21640047443.3497,30774412393.9636
2023-08-14,16:29,AL,10000,Gross Margin,Overall,116786789258.138,13541714241.9207,68363213014.2923,107283298946.825,116746390772.103,125993082793.224,169901905041.094
2023-08-14,16:29,AL,10000,Gross Margin,Neonatal Combined,8411015182.30151,3031745096.44003,203280181.744441,6195192512.89373,8279767183.21609,10455118788.4877,19408166642.0722
2023-08-14,16:29,AL,10000,Gross Margin,Juvenile Combined,12899897108.6911,3280675676.99433,3560057110.88339,10492895023.3981,12729587591.1006,15091026516.289,25302991131.3701
2023-08-14,16:29,AL,10000,Gross Margin,Adult Combined,95475876967.1457,9949183545.61687,63419302597.3674,88466196175.7923,95544311516.3264,102518356665.018,130046545552.101
2023-08-14,16:29,AL,10000,Gross Margin,Female Combined,83773718066.446,9976340115.77722,54878395182.9504,76744117836.2976,83844149361.4353,90942889748.1725,117285587485.262
2023-08-14,16:29,AL,10000,Gross Margin,Male Combined,33013071191.6922,5960038642.45724,13484817831.3419,28781452883.0837,32845995723.3522,37118645321.6415,54684874696.6614
