Species,InspectionType,Condition,YearMonth,Country,NumberOfConditions,Throughput,NumberOfThroughputPlants,PercentageOfThroughput
Pigs,AnteMortem,Abnormal Respiratory Signs,2020-01,England,284,331341,88,0.086
Pigs,AnteMortem,Abnormal Respiratory Signs,2020-02,England,268,298782,86,0.09
Pigs,AnteMortem,Abnormal Respiratory Signs,2020-03,England,382,360169,89,0.106
Pigs,AnteMortem,Abnormal Respiratory Signs,2020-02,Wales,2,1861,10,0.107
Pigs,AnteMortem,Abnormal Respiratory Signs,2020-03,Wales,2,2369,9,0.084
Pigs,AnteMortem,Dead in Lairage ,2020-01,England,11,331341,88,0.003
Pigs,AnteMortem,Dead in Lairage ,2020-01,England,16,331341,88,0.005
Pigs,AnteMortem,Dead in Lairage ,2020-02,England,10,298782,86,0.003
Pigs,AnteMortem,Dead in Lairage ,2020-02,England,9,298782,86,0.003
Pigs,AnteMortem,Dead in Lairage ,2020-03,England,10,360169,89,0.003
Pigs,AnteMortem,Dead in Lairage ,2020-03,England,10,360169,89,0.003
Pigs,AnteMortem,Dead on Arrival,2020-01,England,26,331341,88,0.008
Pigs,AnteMortem,Dead on Arrival,2020-01,England,23,331341,88,0.007
Pigs,AnteMortem,Dead on Arrival,2020-02,England,21,298782,86,0.007
Pigs,AnteMortem,Dead on Arrival,2020-02,England,21,298782,86,0.007
Pigs,AnteMortem,Dead on Arrival,2020-03,England,25,360169,89,0.007
Pigs,AnteMortem,Dead on Arrival,2020-03,England,41,360169,89,0.011
Pigs,AnteMortem,Distress,2020-01,England,5,331341,88,0.002
Pigs,AnteMortem,Distress,2020-02,England,2,298782,86,0.001
Pigs,AnteMortem,Distress,2020-02,England,4,298782,86,0.001
Pigs,AnteMortem,Distress,2020-03,England,6,360169,89,0.002
Pigs,AnteMortem,Fight/Bite Wounds,2020-01,England,201,331341,88,0.061
Pigs,AnteMortem,Fight/Bite Wounds,2020-02,England,180,298782,86,0.06
Pigs,AnteMortem,Fight/Bite Wounds,2020-03,England,440,360169,89,0.122
Pigs,AnteMortem,Fight/Bite Wounds,2020-01,Wales,16,2212,10,0.723
Pigs,AnteMortem,Hernia/Rupture,2020-01,England,630,331341,88,0.19
Pigs,AnteMortem,Hernia/Rupture,2020-02,England,576,298782,86,0.193
Pigs,AnteMortem,Hernia/Rupture,2020-03,England,719,360169,89,0.2
Pigs,AnteMortem,Hernia/Rupture,2020-01,Wales,7,2212,10,0.316
Pigs,AnteMortem,Hernia/Rupture,2020-02,Wales,3,1861,10,0.161
Pigs,AnteMortem,Hernia/Rupture,2020-03,Wales,7,2369,9,0.295
Pigs,AnteMortem,Lameness ??? Foot Lesion(s),2020-01,England,43,331341,88,0.013
Pigs,AnteMortem,Lameness ??? Foot Lesion(s),2020-02,England,38,298782,86,0.013
Pigs,AnteMortem,Lameness ??? Foot Lesion(s),2020-03,England,44,360169,89,0.012
Pigs,AnteMortem,Lameness ??? Foot Lesion(s),2020-03,England,1,360169,89,0
Pigs,AnteMortem,Lameness ??? Joint/Leg Lesion(s),2020-01,England,65,331341,88,0.02
Pigs,AnteMortem,Lameness ??? Joint/Leg Lesion(s),2020-02,England,72,298782,86,0.024
Pigs,AnteMortem,Lameness ??? Joint/Leg Lesion(s),2020-03,England,90,360169,89,0.025
Pigs,AnteMortem,Lameness ??? Not Defined,2020-01,England,187,331341,88,0.056
Pigs,AnteMortem,Lameness ??? Not Defined,2020-02,England,166,298782,86,0.056
Pigs,AnteMortem,Lameness ??? Not Defined,2020-03,England,377,360169,89,0.105
Pigs,AnteMortem,Lameness ??? Not Defined,2020-01,Wales,3,2212,10,0.136
Pigs,AnteMortem,Lameness ??? Not Defined,2020-02,Wales,2,1861,10,0.107
Pigs,AnteMortem,Localised Swelling/Lumps,2020-01,England,301,331341,88,0.091
Pigs,AnteMortem,Localised Swelling/Lumps,2020-02,England,278,298782,86,0.093
Pigs,AnteMortem,Localised Swelling/Lumps,2020-03,England,400,360169,89,0.111
Pigs,AnteMortem,Localised Swelling/Lumps,2020-03,Wales,1,2369,9,0.042
Pigs,AnteMortem,Mastitis,2020-01,England,18,331341,88,0.005
Pigs,AnteMortem,Mastitis,2020-02,England,15,298782,86,0.005
Pigs,AnteMortem,Mastitis,2020-03,England,26,360169,89,0.007
Pigs,AnteMortem,Moribund/Recumbent,2020-01,England,3,331341,88,0.001
Pigs,AnteMortem,Moribund/Recumbent,2020-01,England,2,331341,88,0.001
Pigs,AnteMortem,Moribund/Recumbent,2020-02,England,2,298782,86,0.001
Pigs,AnteMortem,Moribund/Recumbent,2020-03,England,1,360169,89,0
Pigs,AnteMortem,Moribund/Recumbent,2020-03,England,3,360169,89,0.001
Pigs,AnteMortem,Open Wound,2020-01,England,2,331341,88,0.001
Pigs,AnteMortem,Open Wound,2020-02,England,5,298782,86,0.002
Pigs,AnteMortem,Open Wound,2020-03,England,9,360169,89,0.002
Pigs,AnteMortem,Orchitis,2020-01,England,11,331341,88,0.003
Pigs,AnteMortem,Orchitis,2020-02,England,2,298782,86,0.001
Pigs,AnteMortem,Orchitis,2020-03,England,8,360169,89,0.002
Pigs,AnteMortem,Other ,2020-01,England,3,331341,88,0.001
Pigs,AnteMortem,Other ,2020-01,England,98,331341,88,0.03
Pigs,AnteMortem,Other ,2020-02,England,84,298782,86,0.028
Pigs,AnteMortem,Other ,2020-02,England,1,298782,86,0
Pigs,AnteMortem,Other ,2020-03,England,180,360169,89,0.05
Pigs,AnteMortem,Rectal Prolapse,2020-01,England,25,331341,88,0.008
Pigs,AnteMortem,Rectal Prolapse,2020-02,England,14,298782,86,0.005
Pigs,AnteMortem,Rectal Prolapse,2020-03,England,34,360169,89,0.009
Pigs,AnteMortem,Skin Condition,2020-01,England,30,331341,88,0.009
Pigs,AnteMortem,Skin Condition,2020-02,England,22,298782,86,0.007
Pigs,AnteMortem,Skin Condition,2020-03,England,14,360169,89,0.004
Pigs,AnteMortem,Slaughtered in Lairage ??? Intended for HC,2020-01,England,24,331341,88,0.007
Pigs,AnteMortem,Slaughtered in Lairage ??? Intended for HC,2020-01,England,2,331341,88,0.001
Pigs,AnteMortem,Slaughtered in Lairage ??? Intended for HC,2020-02,England,36,298782,86,0.012
Pigs,AnteMortem,Slaughtered in Lairage ??? Intended for HC,2020-02,England,8,298782,86,0.003
Pigs,AnteMortem,Slaughtered in Lairage ??? Intended for HC,2020-03,England,5,360169,89,0.001
Pigs,AnteMortem,Slaughtered in Lairage ??? Intended for HC,2020-03,England,38,360169,89,0.011
Pigs,AnteMortem,Suspect Emaciation/Poor Condition,2020-01,England,37,331341,88,0.011
Pigs,AnteMortem,Suspect Emaciation/Poor Condition,2020-01,England,11,331341,88,0.003
Pigs,AnteMortem,Suspect Emaciation/Poor Condition,2020-02,England,28,298782,86,0.009
Pigs,AnteMortem,Suspect Emaciation/Poor Condition,2020-02,England,8,298782,86,0.003
Pigs,AnteMortem,Suspect Emaciation/Poor Condition,2020-03,England,8,360169,89,0.002
Pigs,AnteMortem,Suspect Emaciation/Poor Condition,2020-03,England,55,360169,89,0.015
Pigs,AnteMortem,Suspect Fever,2020-02,England,2,298782,86,0.001
Pigs,AnteMortem,Suspect Fever,2020-03,England,2,360169,89,0.001
Pigs,AnteMortem,Suspect Fever,2020-03,England,1,360169,89,0
Pigs,AnteMortem,Tail Bite (AM),2020-01,England,1183,331341,88,0.357
Pigs,AnteMortem,Tail Bite (AM),2020-02,England,10,298782,86,0.003
Pigs,AnteMortem,Tail Bite (AM),2020-02,England,1348,298782,86,0.451
Pigs,AnteMortem,Tail Bite (AM),2020-03,England,1903,360169,89,0.528
Pigs,AnteMortem,Tail Bite (AM),2020-01,Wales,2,2212,10,0.09
Pigs,AnteMortem,Tail Bite (AM),2020-03,Wales,4,2369,9,0.169
Pigs,AnteMortem,Twisted Snout,2020-03,England,3,360169,89,0.001
Pigs,Carcases,Abscess - Multiple,2020-01,England,125,331341,88,0.038
Pigs,Carcases,Abscess - Multiple,2020-02,England,145,298782,86,0.049
Pigs,Carcases,Abscess - Multiple,2020-03,England,155,360169,89,0.043
Pigs,Carcases,Abscess - Multiple,2020-02,Wales,1,1861,10,0.054
Pigs,Carcases,Abscess - Single,2020-01,England,3685,331341,88,1.112
Pigs,Carcases,Abscess - Single,2020-02,England,3635,298782,86,1.217
Pigs,Carcases,Abscess - Single,2020-03,England,4336,360169,89,1.204
Pigs,Carcases,Abscess - Single,2020-01,Wales,1,2212,10,0.045
Pigs,Carcases,Abscess - Single,2020-02,Wales,6,1861,10,0.322
Pigs,Carcases,Abscess - Single,2020-03,Wales,5,2369,9,0.211
Pigs,Carcases,Contamination,2020-01,England,7023,331341,88,2.12
Pigs,Carcases,Contamination,2020-02,England,7826,298782,86,2.619
Pigs,Carcases,Contamination,2020-03,England,8951,360169,89,2.485
Pigs,Carcases,Contamination,2020-01,Wales,5,2212,10,0.226
Pigs,Carcases,Contamination,2020-02,Wales,1,1861,10,0.054
Pigs,Carcases,Erysipelas Skin Like,2020-01,England,115,331341,88,0.035
Pigs,Carcases,Erysipelas Skin Like,2020-02,England,102,298782,86,0.034
Pigs,Carcases,Erysipelas Skin Like,2020-03,England,99,360169,89,0.027
Pigs,Carcases,Fight Marks,2020-01,England,218,331341,88,0.066
Pigs,Carcases,Fight Marks,2020-02,England,188,298782,86,0.063
Pigs,Carcases,Fight Marks,2020-03,England,299,360169,89,0.083
Pigs,Carcases,Fight Marks,2020-01,Wales,81,2212,10,3.662
Pigs,Carcases,Fight Marks,2020-02,Wales,63,1861,10,3.385
Pigs,Carcases,Fight Marks,2020-03,Wales,225,2369,9,9.498
Pigs,Carcases,Joint Lesion - Mulitple,2020-01,England,431,331341,88,0.13
Pigs,Carcases,Joint Lesion - Mulitple,2020-02,England,395,298782,86,0.132
Pigs,Carcases,Joint Lesion - Mulitple,2020-03,England,474,360169,89,0.132
Pigs,Carcases,Joint Lesion - Single,2020-01,England,1687,331341,88,0.509
Pigs,Carcases,Joint Lesion - Single,2020-02,England,1414,298782,86,0.473
Pigs,Carcases,Joint Lesion - Single,2020-03,England,1661,360169,89,0.461
Pigs,Carcases,Joint Lesion - Single,2020-01,Wales,4,2212,10,0.181
Pigs,Carcases,Joint Lesion - Single,2020-02,Wales,7,1861,10,0.376
Pigs,Carcases,Joint Lesion - Single,2020-03,Wales,14,2369,9,0.591
Pigs,Carcases,Localised Tuberculosis (suspect) *,2020-01,England,5,331341,88,0.002
Pigs,Carcases,Localised Tuberculosis (suspect) *,2020-02,England,2,298782,86,0.001
Pigs,Carcases,Localised Tuberculosis (suspect) *,2020-03,England,1,360169,89,0
Pigs,Carcases,Other,2020-01,England,1878,331341,88,0.567
Pigs,Carcases,Other,2020-02,England,2259,298782,86,0.756
Pigs,Carcases,Other,2020-03,England,2834,360169,89,0.787
Pigs,Carcases,Other,2020-02,Wales,1,1861,10,0.054
Pigs,Carcases,Other,2020-03,Wales,1,2369,9,0.042
Pigs,Carcases,Papular Dermatitis Like,2020-01,England,194,331341,88,0.059
Pigs,Carcases,Papular Dermatitis Like,2020-02,England,196,298782,86,0.066
Pigs,Carcases,Papular Dermatitis Like,2020-03,England,266,360169,89,0.074
Pigs,Carcases,Papular Dermatitis Like,2020-01,Wales,7,2212,10,0.316
Pigs,Carcases,Papular Dermatitis Like,2020-02,Wales,29,1861,10,1.558
Pigs,Carcases,Papular Dermatitis Like,2020-03,Wales,20,2369,9,0.844
Pigs,Carcases,Pleurisy Parietal,2020-01,England,11806,331341,88,3.563
Pigs,Carcases,Pleurisy Parietal,2020-02,England,11091,298782,86,3.712
Pigs,Carcases,Pleurisy Parietal,2020-03,England,14322,360169,89,3.976
Pigs,Carcases,Pleurisy Parietal,2020-02,Wales,2,1861,10,0.107
Pigs,Carcases,Pleurisy Parietal,2020-03,Wales,4,2369,9,0.169
Pigs,Carcases,Pleurisy Visceral,2020-01,England,1072,331341,88,0.324
Pigs,Carcases,Pleurisy Visceral,2020-02,England,919,298782,86,0.308
Pigs,Carcases,Pleurisy Visceral,2020-03,England,1497,360169,89,0.416
Pigs,Carcases,Pleurisy Visceral,2020-02,Wales,1,1861,10,0.054
Pigs,Carcases,Tail Bite (PM),2020-01,England,1644,331341,88,0.496
Pigs,Carcases,Tail Bite (PM),2020-02,England,1670,298782,86,0.559
Pigs,Carcases,Tail Bite (PM),2020-03,England,1977,360169,89,0.549
Pigs,Offal,Abscess - Multiple,2020-01,England,168,331341,88,0.051
Pigs,Offal,Abscess - Multiple,2020-02,England,182,298782,86,0.061
Pigs,Offal,Abscess - Multiple,2020-03,England,183,360169,89,0.051
Pigs,Offal,Abscess - Single,2020-01,England,1292,331341,88,0.39
Pigs,Offal,Abscess - Single,2020-02,England,1622,298782,86,0.543
Pigs,Offal,Abscess - Single,2020-03,England,1454,360169,89,0.404
Pigs,Offal,Contamination,2020-01,England,5004,331341,88,1.51
Pigs,Offal,Contamination,2020-02,England,5391,298782,86,1.804
Pigs,Offal,Contamination,2020-03,England,6746,360169,89,1.873
Pigs,Offal,Contamination,2020-01,Wales,3,2212,10,0.136
Pigs,Offal,Contamination,2020-02,Wales,6,1861,10,0.322
Pigs,Offal,Contamination,2020-03,Wales,3,2369,9,0.127
Pigs,Offal,Endocarditis,2020-01,England,29,331341,88,0.009
Pigs,Offal,Endocarditis,2020-02,England,48,298782,86,0.016
Pigs,Offal,Endocarditis,2020-03,England,57,360169,89,0.016
Pigs,Offal,Endocarditis,2020-02,Wales,4,1861,10,0.215
Pigs,Offal,Endocarditis,2020-03,Wales,7,2369,9,0.295
Pigs,Offal,Kidney Lesions ,2020-01,England,8676,331341,88,2.618
Pigs,Offal,Kidney Lesions ,2020-02,England,8988,298782,86,3.008
Pigs,Offal,Kidney Lesions ,2020-03,England,10142,360169,89,2.816
Pigs,Offal,Kidney Lesions ,2020-01,Wales,25,2212,10,1.13
Pigs,Offal,Kidney Lesions ,2020-02,Wales,29,1861,10,1.558
Pigs,Offal,Kidney Lesions ,2020-03,Wales,47,2369,9,1.984
Pigs,Offal,Milk Spot,2020-01,England,9778,331341,88,2.951
Pigs,Offal,Milk Spot,2020-02,England,8487,298782,86,2.841
Pigs,Offal,Milk Spot,2020-03,England,8837,360169,89,2.454
Pigs,Offal,Milk Spot,2020-01,Wales,464,2212,10,20.976
Pigs,Offal,Milk Spot,2020-02,Wales,342,1861,10,18.377
Pigs,Offal,Milk Spot,2020-03,Wales,963,2369,9,40.65
Pigs,Offal,Other,2020-01,England,373,331341,88,0.113
Pigs,Offal,Other,2020-02,England,432,298782,86,0.145
Pigs,Offal,Other,2020-03,England,533,360169,89,0.148
Pigs,Offal,Other,2020-01,Wales,5,2212,10,0.226
Pigs,Offal,Other,2020-03,Wales,3,2369,9,0.127
Pigs,Offal,Pericarditis,2020-01,England,11720,331341,88,3.537
Pigs,Offal,Pericarditis,2020-02,England,11633,298782,86,3.893
Pigs,Offal,Pericarditis,2020-03,England,13487,360169,89,3.745
Pigs,Offal,Pericarditis,2020-01,Wales,73,2212,10,3.3
Pigs,Offal,Pericarditis,2020-02,Wales,72,1861,10,3.869
Pigs,Offal,Pericarditis,2020-03,Wales,99,2369,9,4.179
Pigs,Offal,Peritonitis,2020-01,England,7183,331341,88,2.168
Pigs,Offal,Peritonitis,2020-02,England,6682,298782,86,2.236
Pigs,Offal,Peritonitis,2020-03,England,7881,360169,89,2.188
Pigs,Offal,Peritonitis,2020-01,Wales,2,2212,10,0.09
Pigs,Offal,Peritonitis,2020-02,Wales,5,1861,10,0.269
Pigs,Offal,Peritonitis,2020-03,Wales,10,2369,9,0.422
Pigs,Offal,Pleurisy visceral,2020-01,England,15061,331341,88,4.545
Pigs,Offal,Pleurisy visceral,2020-02,England,14831,298782,86,4.964
Pigs,Offal,Pleurisy visceral,2020-03,England,17958,360169,89,4.986
Pigs,Offal,Pleurisy visceral,2020-01,Wales,20,2212,10,0.904
Pigs,Offal,Pleurisy visceral,2020-02,Wales,34,1861,10,1.827
Pigs,Offal,Pleurisy visceral,2020-03,Wales,33,2369,9,1.393
Pigs,Offal,Pneumonia ??? Mild,2020-01,England,20617,331341,88,6.222
Pigs,Offal,Pneumonia ??? Mild,2020-02,England,17114,298782,86,5.728
Pigs,Offal,Pneumonia ??? Mild,2020-03,England,20660,360169,89,5.736
Pigs,Offal,Pneumonia ??? Mild,2020-01,Wales,225,2212,10,10.172
Pigs,Offal,Pneumonia ??? Mild,2020-02,Wales,226,1861,10,12.144
Pigs,Offal,Pneumonia ??? Mild,2020-03,Wales,376,2369,9,15.872
Pigs,Offal,Pneumonia ??? Severe,2020-01,England,7843,331341,88,2.367
Pigs,Offal,Pneumonia ??? Severe,2020-02,England,6813,298782,86,2.28
Pigs,Offal,Pneumonia ??? Severe,2020-03,England,7689,360169,89,2.135
Pigs,Offal,Pneumonia ??? Severe,2020-01,Wales,97,2212,10,4.385
Pigs,Offal,Pneumonia ??? Severe,2020-02,Wales,97,1861,10,5.212
Pigs,Offal,Pneumonia ??? Severe,2020-03,Wales,98,2369,9,4.137
Pigs,Total Rejection,Anaemia,2020-01,England,31,331341,88,0.009
Pigs,Total Rejection,Anaemia,2020-02,England,30,298782,86,0.01
Pigs,Total Rejection,Anaemia,2020-03,England,26,360169,89,0.007
Pigs,Total Rejection,Badly Bled,2020-01,England,3,331341,88,0.001
Pigs,Total Rejection,Badly Bled,2020-02,England,2,298782,86,0.001
Pigs,Total Rejection,Badly Bled,2020-03,England,4,360169,89,0.001
Pigs,Total Rejection,Contamination,2020-01,England,16,331341,88,0.005
Pigs,Total Rejection,Contamination,2020-02,England,13,298782,86,0.004
Pigs,Total Rejection,Contamination,2020-03,England,26,360169,89,0.007
Pigs,Total Rejection,Cysticercosis,2020-03,England,2,360169,89,0.001
Pigs,Total Rejection,Emaciation/Generalised Oedema,2020-01,England,84,331341,88,0.025
Pigs,Total Rejection,Emaciation/Generalised Oedema,2020-02,England,76,298782,86,0.025
Pigs,Total Rejection,Emaciation/Generalised Oedema,2020-03,England,71,360169,89,0.02
Pigs,Total Rejection,Fever/Septicaemia/Toxaemia,2020-01,England,43,331341,88,0.013
Pigs,Total Rejection,Fever/Septicaemia/Toxaemia,2020-02,England,42,298782,86,0.014
Pigs,Total Rejection,Fever/Septicaemia/Toxaemia,2020-03,England,30,360169,89,0.008
Pigs,Total Rejection,Jaundice,2020-01,England,18,331341,88,0.005
Pigs,Total Rejection,Jaundice,2020-02,England,7,298782,86,0.002
Pigs,Total Rejection,Jaundice,2020-03,England,16,360169,89,0.004
Pigs,Total Rejection,Other,2020-01,England,11,331341,88,0.003
Pigs,Total Rejection,Other,2020-02,England,8,298782,86,0.003
Pigs,Total Rejection,Other,2020-03,England,27,360169,89,0.007
Pigs,Total Rejection,Polyarthritis,2020-01,England,77,331341,88,0.023
Pigs,Total Rejection,Polyarthritis,2020-02,England,72,298782,86,0.024
Pigs,Total Rejection,Polyarthritis,2020-03,England,67,360169,89,0.019
Pigs,Total Rejection,Polyarthritis,2020-03,Wales,1,2369,9,0.042
Pigs,Total Rejection,Processing Fault,2020-01,England,20,331341,88,0.006
Pigs,Total Rejection,Processing Fault,2020-02,England,18,298782,86,0.006
Pigs,Total Rejection,Processing Fault,2020-03,England,38,360169,89,0.011
Pigs,Total Rejection,Pyaemia/Multiple Abscess,2020-01,England,453,331341,88,0.137
Pigs,Total Rejection,Pyaemia/Multiple Abscess,2020-02,England,366,298782,86,0.122
Pigs,Total Rejection,Pyaemia/Multiple Abscess,2020-03,England,496,360169,89,0.138
Pigs,Total Rejection,Pyaemia/Multiple Abscess,2020-01,Wales,2,2212,10,0.09
Pigs,Total Rejection,Pyaemia/Multiple Abscess,2020-03,Wales,3,2369,9,0.127
Pigs,Total Rejection,Pyaemia/Multiple Abscess - Tail Bite,2020-01,England,199,331341,88,0.06
Pigs,Total Rejection,Pyaemia/Multiple Abscess - Tail Bite,2020-02,England,254,298782,86,0.085
Pigs,Total Rejection,Pyaemia/Multiple Abscess - Tail Bite,2020-03,England,217,360169,89,0.06
Pigs,Total Rejection,Pyaemia/Multiple Abscess - Tail Bite,2020-01,Wales,3,2212,10,0.136
Pigs,Total Rejection,Pyaemia/Multiple Abscess - Tail Bite,2020-02,Wales,2,1861,10,0.107
Pigs,Total Rejection,Septic Peritonitis & Pleurisy,2020-01,England,137,331341,88,0.041
Pigs,Total Rejection,Septic Peritonitis & Pleurisy,2020-02,England,133,298782,86,0.045
Pigs,Total Rejection,Septic Peritonitis & Pleurisy,2020-03,England,164,360169,89,0.046
Pigs,Total Rejection,Septic Peritonitis & Pleurisy,2020-01,Wales,1,2212,10,0.045
Pigs,Total Rejection,Septic Pleurisy,2020-01,England,38,331341,88,0.011
Pigs,Total Rejection,Septic Pleurisy,2020-02,England,18,298782,86,0.006
Pigs,Total Rejection,Septic Pleurisy,2020-03,England,35,360169,89,0.01
